id,duration
0,2
1,1
2,1
3,1
4,0
5,1
6,1
7,1
8,0
9,2
10,0
11,2
12,2
13,0
14,2
15,2
16,2
17,0
18,0
19,0
20,2
21,0
22,2
23,2
24,0
25,1
26,0
27,2
28,2
29,2
30,0
31,0
32,2
33,2
34,0
35,1
36,1
37,0
38,1
39,0
40,1
41,1
42,1
43,1
44,1
45,2
46,0
47,0
48,1
49,0
50,2
51,0
52,2
53,1
54,2
55,1
56,1
57,0
58,2
59,1
60,0
61,2
62,2
63,0
64,2
65,2
66,0
67,0
68,0
69,1
70,2
71,0
72,2
73,0
74,2
75,2
76,1
77,0
78,1
79,0
80,1
81,0
82,2
83,0
84,2
85,2
86,0
87,0
88,0
89,0
90,2
91,2
92,2
93,2
94,2
95,0
96,1
97,0
98,2
99,1
100,1
101,2
102,2
103,1
104,1
105,0
106,1
107,2
108,0
109,2
110,2
111,1
112,0
113,2
114,2
115,2
116,1
117,2
118,0
119,2
120,2
121,2
122,2
123,2
124,1
125,0
126,0
127,0
128,1
129,0
130,1
131,1
132,2
133,0
134,2
135,0
136,1
137,1
138,1
139,1
140,1
141,1
142,1
143,1
144,1
145,1
146,1
147,1
148,1
149,2
150,2
151,1
152,0
153,2
154,0
155,2
156,0
157,1
158,1
159,1
160,2
161,0
162,0
163,1
164,0
165,1
166,2
167,2
168,2
169,1
170,0
171,1
172,1
173,0
174,2
175,0
176,2
177,0
178,0
179,1
180,1
181,0
182,2
183,0
184,0
185,0
186,2
187,0
188,1
189,1
190,2
191,1
192,2
193,0
194,2
195,1
196,2
197,0
198,0
199,0
200,1
201,0
202,1
203,2
204,0
205,1
206,1
207,2
208,2
209,1
210,1
211,0
212,1
213,0
214,0
215,0
216,0
217,0
218,0
219,0
220,2
221,0
222,0
223,2
224,2
225,1
226,1
227,0
228,0
229,1
230,2
231,1
232,2
233,1
234,1
235,1
236,0
237,0
238,0
239,1
240,1
241,0
242,0
243,1
244,2
245,1
246,1
247,2
248,2
249,1
250,1
251,0
252,2
253,0
254,2
255,2
256,1
257,1
258,0
259,2
260,2
261,2
262,2
263,0
264,1
265,2
266,0
267,1
268,1
269,2
270,2
271,0
272,2
273,1
274,2
275,1
276,2
277,0
278,0
279,2
280,0
281,0
282,2
283,2
284,1
285,1
286,2
287,0
288,1
289,0
290,2
291,2
292,2
293,0
294,2
295,1
296,0
297,2
298,0
299,1
300,2
301,0
302,0
303,1
304,0
305,1
306,1
307,0
308,2
309,0
310,1
311,1
312,1
313,2
314,2
315,2
316,0
317,1
318,1
319,0
320,1
321,1
322,2
323,0
324,1
325,0
326,0
327,1
328,0
329,0
330,1
331,2
332,1
333,2
334,2
335,0
336,1
337,0
338,0
339,1
340,0
341,1
342,2
343,0
344,2
345,2
346,1
347,0
348,0
349,1
350,1
351,2
352,0
353,0
354,2
355,1
356,2
357,1
358,1
359,2
360,0
361,0
362,1
363,2
364,0
365,1
366,1
367,2
368,2
369,2
370,1
371,1
372,1
373,2
374,2
375,2
376,2
377,2
378,1
379,1
380,2
381,1
382,0
383,2
384,0
385,1
386,2
387,2
388,1
389,0
390,1
391,2
392,0
393,0
394,1
395,2
396,1
397,2
398,2
399,2
400,2
401,2
402,2
403,0
404,0
405,0
406,1
407,0
408,1
409,0
410,1
411,1
412,0
413,1
414,2
415,1
416,2
417,0
418,0
419,1
420,0
421,2
422,0
423,2
424,1
425,1
426,2
427,2
428,0
429,2
430,2
431,1
432,2
433,2
434,0
435,2
436,2
437,0
438,2
439,1
440,0
441,2
442,1
443,2
444,0
445,0
446,0
447,2
448,0
449,2
450,2
451,2
452,1
453,1
454,2
455,0
456,2
457,1
458,0
459,0
460,1
461,0
462,0
463,0
464,1
465,0
466,1
467,1
468,1
469,0
470,2
471,0
472,1
473,1
474,0
475,1
476,0
477,0
478,2
479,0
480,2
481,0
482,2
483,1
484,2
485,0
486,0
487,2
488,2
489,2
490,1
491,2
492,0
493,2
494,2
495,2
496,0
497,1
498,2
499,1
500,2
501,1
502,0
503,2
504,1
505,0
506,0
507,0
508,1
509,0
510,0
511,1
512,0
513,2
514,1
515,2
516,0
517,1
518,0
519,2
520,2
521,1
522,2
523,2
524,2
525,0
526,2
527,2
528,1
529,1
530,2
531,1
532,1
533,1
534,2
535,1
536,0
537,0
538,0
539,1
540,2
541,0
542,2
543,0
544,1
545,1
546,1
547,1
548,0
549,1
550,2
551,0
552,1
553,1
554,2
555,0
556,1
557,2
558,1
559,1
560,1
561,2
562,0
563,2
564,2
565,0
566,0
567,1
568,1
569,2
570,0
571,2
572,2
573,2
574,1
575,0
576,1
577,2
578,0
579,0
580,2
581,1
582,0
583,1
584,1
585,2
586,2
587,1
588,2
589,2
590,0
591,1
592,2
593,2
594,1
595,0
596,0
597,2
598,0
599,1
600,1
601,0
602,2
603,1
604,0
605,0
606,0
607,2
608,2
609,2
610,2
611,1
612,1
613,2
614,2
615,1
616,1
617,1
618,0
619,0
620,0
621,2
622,2
623,2
624,1
625,1
626,1
627,2
628,2
629,1
630,2
631,2
632,0
633,1
634,2
635,1
636,2
637,2
638,1
639,2
640,1
641,0
642,0
643,0
644,2
645,0
646,0
647,2
648,0
649,1
650,1
651,0
652,0
653,1
654,0
655,0
656,0
657,2
658,2
659,0
660,2
661,1
662,2
663,2
664,0
665,1
666,2
667,2
668,1
669,2
670,0
671,1
672,1
673,1
674,2
675,1
676,1
677,2
678,0
679,1
680,0
681,2
682,2
683,1
684,2
685,1
686,1
687,0
688,0
689,1
690,2
691,2
692,2
693,2
694,0
695,0
696,1
697,2
698,1
699,2
700,0
701,1
702,2
703,2
704,2
705,1
706,2
707,1
708,2
709,1
710,0
711,0
712,2
713,1
714,2
715,2
716,1
717,0
718,0
719,2
720,0
721,0
722,0
723,1
724,0
725,1
726,2
727,0
728,1
729,1
730,0
731,2
732,0
733,2
734,1
735,0
736,0
737,1
738,2
739,0
740,2
741,2
742,0
743,1
744,2
745,2
746,1
747,1
748,0
749,1
750,0
751,0
752,0
753,0
754,1
755,0
756,2
757,0
758,0
759,2
760,0
761,1
762,2
763,1
764,0
765,1
766,1
767,0
768,0
769,2
770,0
771,2
772,0
773,0
774,0
775,1
776,1
777,1
778,2
779,0
780,2
781,1
782,1
783,1
784,1
785,2
786,1
787,2
788,0
789,1
790,1
791,0
792,1
793,1
794,1
795,0
796,1
797,2
798,1
799,0
800,1
801,0
802,0
803,2
804,2
805,0
806,1
807,0
808,0
809,2
810,2
811,0
812,2
813,2
814,1
815,1
816,0
817,1
818,1
819,1
820,1
821,2
822,1
823,2
824,2
825,1
826,1
827,1
828,2
829,2
830,2
831,1
832,2
833,2
834,1
835,0
836,1
837,0
838,1
839,0
840,2
841,0
842,1
843,2
844,2
845,2
846,2
847,1
848,1
849,0
850,1
851,0
852,2
853,0
854,1
855,0
856,1
857,1
858,1
859,2
860,1
861,1
862,0
863,1
864,0
865,1
866,1
867,1
868,1
869,2
870,1
871,0
872,1
873,1
874,0
875,1
876,0
877,0
878,0
879,0
880,1
881,0
882,2
883,1
884,2
885,2
886,1
887,0
888,1
889,1
890,1
891,0
892,2
893,1
894,2
895,0
896,0
897,2
898,0
899,1
900,1
901,2
902,1
903,0
904,0
905,2
906,0
907,1
908,0
909,2
910,2
911,0
912,1
913,2
914,0
915,1
916,1
917,0
918,0
919,0
920,1
921,1
922,0
923,0
924,1
925,0
926,1
927,2
928,0
929,2
930,2
931,0
932,1
933,0
934,0
935,0
936,1
937,1
938,1
939,1
940,2
941,0
942,0
943,2
944,2
945,1
946,0
947,0
948,0
949,1
950,0
951,0
952,1
953,1
954,0
955,2
956,0
957,1
958,2
959,0
960,0
961,2
962,0
963,1
964,0
965,0
966,0
967,2
968,1
969,0
970,2
971,1
972,2
973,0
974,2
975,0
976,0
977,1
978,0
979,2
980,1
981,0
982,0
983,0
984,0
985,0
986,1
987,2
988,0
989,0
990,1
991,0
992,0
993,0
994,0
995,0
996,0
997,1
998,2
999,2
1000,1
1001,2
1002,2
1003,0
1004,0
1005,0
1006,1
1007,1
1008,2
1009,1
1010,1
1011,2
1012,1
1013,1
1014,0
1015,0
1016,1
1017,2
1018,1
1019,2
1020,0
1021,1
1022,1
1023,2
1024,2
1025,2
1026,2
1027,2
1028,0
1029,0
1030,0
1031,1
1032,0
1033,2
1034,1
1035,1
1036,0
1037,1
1038,2
1039,1
1040,0
1041,0
1042,1
1043,0
1044,1
1045,1
1046,0
1047,0
1048,1
1049,1
1050,1
1051,1
1052,2
1053,0
1054,0
1055,1
1056,0
1057,0
1058,0
1059,0
1060,0
1061,0
1062,0
1063,2
1064,1
1065,0
1066,2
1067,0
1068,1
1069,2
1070,0
1071,2
1072,0
1073,1
1074,0
1075,0
1076,0
1077,0
1078,2
1079,2
1080,2
1081,0
1082,2
1083,2
1084,0
1085,0
1086,1
1087,0
1088,0
1089,1
1090,1
1091,1
1092,1
1093,1
1094,1
1095,0
1096,0
1097,2
1098,0
1099,0
1100,0
1101,1
1102,2
1103,1
1104,2
1105,1
1106,0
1107,0
1108,0
1109,2
1110,0
1111,2
1112,0
1113,1
1114,1
1115,2
1116,2
1117,0
1118,2
1119,2
1120,2
1121,2
1122,0
1123,1
1124,0
1125,2
1126,0
1127,0
1128,0
1129,2
1130,1
1131,1
1132,0
1133,2
1134,1
1135,2
1136,2
1137,2
1138,0
1139,0
1140,2
1141,2
1142,0
1143,1
1144,2
1145,0
1146,1
1147,0
1148,1
1149,2
1150,2
1151,2
1152,0
1153,2
1154,2
1155,1
1156,0
1157,0
1158,2
1159,0
1160,2
1161,0
1162,2
1163,0
1164,0
1165,2
1166,1
1167,1
1168,0
1169,1
1170,2
1171,2
1172,0
1173,1
1174,0
1175,1
1176,2
1177,0
1178,1
1179,2
1180,2
1181,0
1182,1
1183,0
1184,0
1185,0
1186,0
1187,0
1188,0
1189,2
1190,1
1191,0
1192,1
1193,2
1194,2
1195,2
1196,1
1197,2
1198,2
1199,0
1200,1
1201,2
1202,2
1203,1
1204,0
1205,0
1206,1
1207,1
1208,2
1209,0
1210,0
1211,0
1212,2
1213,0
1214,0
1215,1
1216,0
1217,0
1218,1
1219,0
1220,2
1221,0
1222,0
1223,1
1224,1
1225,1
1226,0
1227,2
1228,1
1229,0
1230,0
1231,2
1232,0
1233,2
1234,1
1235,1
1236,0
1237,0
1238,0
1239,0
1240,1
1241,2
1242,0
1243,2
1244,1
1245,2
1246,1
1247,0
1248,0
1249,0
1250,1
1251,0
1252,0
1253,2
1254,1
1255,2
1256,2
1257,1
1258,0
1259,2
1260,0
1261,1
1262,1
1263,2
1264,2
1265,1
1266,1
1267,2
1268,2
1269,2
1270,2
1271,0
1272,1
1273,2
1274,2
1275,1
1276,1
1277,0
1278,2
1279,2
1280,0
1281,2
1282,2
1283,1
1284,1
1285,0
1286,2
1287,2
1288,1
1289,0
1290,0
1291,2
1292,1
1293,0
1294,2
1295,2
1296,1
1297,0
1298,2
1299,1
1300,2
1301,2
1302,2
1303,0
1304,1
1305,1
1306,2
1307,2
1308,2
1309,2
1310,0
1311,0
1312,1
1313,0
1314,2
1315,1
1316,2
1317,2
1318,2
1319,1
1320,0
1321,2
1322,2
1323,0
1324,2
1325,1
1326,2
1327,0
1328,2
1329,1
1330,1
1331,2
1332,1
1333,1
1334,1
1335,2
1336,1
1337,1
1338,1
1339,2
1340,2
1341,1
1342,1
1343,0
1344,1
1345,0
1346,2
1347,1
1348,2
1349,0
1350,1
1351,0
1352,2
1353,1
1354,1
1355,0
1356,0
1357,0
1358,0
1359,1
1360,1
1361,2
1362,0
1363,2
1364,0
1365,2
1366,0
1367,2
1368,0
1369,2
1370,1
1371,0
1372,2
1373,1
1374,2
1375,1
1376,0
1377,2
1378,2
1379,0
1380,2
1381,0
1382,2
1383,1
1384,1
1385,1
1386,2
1387,2
1388,2
1389,1
1390,2
1391,1
1392,0
1393,1
1394,1
1395,2
1396,2
1397,1
1398,1
1399,1
1400,2
1401,2
1402,2
1403,2
1404,2
1405,0
1406,2
1407,0
1408,1
1409,0
1410,2
1411,1
1412,1
1413,1
1414,0
1415,2
1416,1
1417,0
1418,1
1419,1
1420,1
1421,2
1422,0
1423,2
1424,1
1425,2
1426,1
1427,0
1428,1
1429,0
1430,2
1431,1
1432,0
1433,1
1434,2
1435,0
1436,0
1437,0
1438,0
1439,0
1440,2
1441,2
1442,2
1443,2
1444,0
1445,1
1446,0
1447,0
1448,1
1449,1
1450,0
1451,0
1452,1
1453,0
1454,2
1455,1
1456,0
1457,1
1458,2
1459,2
1460,1
1461,0
1462,1
1463,0
1464,1
1465,2
1466,2
1467,0
1468,2
1469,2
1470,1
1471,1
1472,1
1473,0
1474,0
1475,1
1476,2
1477,1
1478,2
1479,1
1480,1
1481,2
1482,0
1483,1
1484,2
1485,0
1486,0
1487,1
1488,0
1489,2
1490,2
1491,2
1492,0
1493,0
1494,0
1495,2
1496,2
1497,2
1498,0
1499,0
1500,1
1501,1
1502,0
1503,1
1504,2
1505,2
1506,1
1507,0
1508,1
1509,1
1510,1
1511,0
1512,0
1513,0
1514,1
1515,2
1516,1
1517,1
1518,0
1519,2
1520,1
1521,1
1522,0
1523,0
1524,2
1525,1
1526,2
1527,0
1528,1
1529,0
1530,0
1531,0
1532,2
1533,1
1534,0
1535,0
1536,1
1537,2
1538,0
1539,1
1540,0
1541,2
1542,2
1543,1
1544,1
1545,0
1546,2
1547,1
1548,1
1549,0
1550,0
1551,1
1552,2
1553,2
1554,2
1555,1
1556,1
1557,0
1558,0
1559,0
1560,2
1561,2
1562,1
1563,1
1564,1
1565,1
1566,0
1567,2
1568,1
1569,1
1570,2
1571,1
1572,1
1573,0
1574,2
1575,0
1576,0
1577,0
1578,0
1579,1
1580,2
1581,2
1582,2
1583,1
1584,2
1585,2
1586,1
1587,0
1588,1
1589,1
1590,2
1591,1
1592,2
1593,0
1594,0
1595,2
1596,0
1597,0
1598,0
1599,0
1600,2
1601,0
1602,0
1603,0
1604,1
1605,0
1606,0
1607,2
1608,2
1609,2
1610,2
1611,2
1612,2
1613,2
1614,1
1615,1
1616,2
1617,2
1618,1
1619,2
1620,0
1621,2
1622,0
1623,1
1624,2
1625,0
1626,0
1627,1
1628,2
1629,1
1630,0
1631,2
1632,0
1633,0
1634,2
1635,1
1636,0
1637,0
1638,1
1639,1
1640,1
1641,0
1642,0
1643,1
1644,1
1645,1
1646,1
1647,1
1648,2
1649,0
1650,1
1651,1
1652,1
1653,0
1654,1
1655,2
1656,2
1657,0
1658,2
1659,2
1660,1
1661,0
1662,2
1663,0
1664,0
1665,0
1666,2
1667,0
1668,0
1669,0
1670,2
1671,1
1672,2
1673,0
1674,1
1675,1
1676,1
1677,1
1678,1
1679,0
1680,2
1681,1
1682,1
1683,1
1684,0
1685,2
1686,1
1687,0
1688,2
1689,2
1690,2
1691,0
1692,0
1693,2
1694,2
1695,0
1696,1
1697,2
1698,0
1699,0
1700,2
1701,2
1702,0
1703,0
1704,2
1705,0
1706,1
1707,1
1708,2
1709,1
1710,1
1711,1
1712,2
1713,2
1714,0
1715,0
1716,2
1717,0
1718,0
1719,1
1720,0
1721,1
1722,2
1723,2
1724,0
1725,1
1726,0
1727,0
1728,1
1729,0
1730,1
1731,0
1732,2
1733,2
1734,0
1735,1
1736,2
1737,0
1738,1
1739,2
1740,0
1741,1
1742,0
1743,0
1744,2
1745,2
1746,0
1747,1
1748,1
1749,0
1750,1
1751,1
1752,0
1753,0
1754,2
1755,2
1756,0
1757,0
1758,0
1759,1
1760,0
1761,0
1762,2
1763,1
1764,0
1765,0
1766,2
1767,0
1768,2
1769,1
1770,1
1771,2
1772,0
1773,2
1774,0
1775,0
1776,2
1777,1
1778,2
1779,0
1780,2
1781,1
1782,1
1783,0
1784,0
1785,2
1786,1
1787,0
1788,1
1789,0
1790,1
1791,2
1792,1
1793,0
1794,2
1795,0
1796,0
1797,2
1798,1
1799,1
1800,1
1801,1
1802,2
1803,2
1804,0
1805,2
1806,0
1807,2
1808,1
1809,2
1810,0
1811,0
1812,1
1813,2
1814,0
1815,1
1816,1
1817,1
1818,0
1819,1
1820,1
1821,2
1822,1
1823,1
1824,0
1825,0
1826,0
1827,2
1828,0
1829,0
1830,2
1831,2
1832,2
1833,0
1834,0
1835,0
1836,0
1837,1
1838,2
1839,2
1840,0
1841,1
1842,1
1843,0
1844,2
1845,2
1846,2
1847,0
1848,0
1849,0
1850,1
1851,0
1852,2
1853,1
1854,2
1855,0
1856,2
1857,0
1858,1
1859,0
1860,2
1861,0
1862,0
1863,1
1864,0
1865,1
1866,1
1867,2
1868,2
1869,2
1870,0
1871,0
1872,2
1873,1
1874,2
1875,2
1876,2
1877,0
1878,1
1879,1
1880,0
1881,1
1882,2
1883,0
1884,2
1885,0
1886,2
1887,0
1888,1
1889,0
1890,2
1891,2
1892,2
1893,0
1894,0
1895,0
1896,2
1897,1
1898,2
1899,1
1900,1
1901,1
1902,1
1903,2
1904,0
1905,0
1906,2
1907,0
1908,0
1909,0
1910,0
1911,0
1912,0
1913,1
1914,2
1915,0
1916,0
1917,0
1918,1
1919,1
1920,1
1921,0
1922,0
1923,2
1924,1
1925,0
1926,1
1927,1
1928,2
1929,2
1930,1
1931,2
1932,2
1933,2
1934,2
1935,2
1936,0
1937,0
1938,0
1939,0
1940,1
1941,1
1942,1
1943,2
1944,1
1945,2
1946,2
1947,2
1948,1
1949,0
1950,2
1951,0
1952,0
1953,0
1954,0
1955,0
1956,1
1957,0
1958,0
1959,1
1960,1
1961,2
1962,0
1963,0
1964,0
1965,1
1966,1
1967,2
1968,2
1969,2
1970,2
1971,2
1972,2
1973,0
1974,1
1975,2
1976,1
1977,0
1978,1
1979,0
1980,1
1981,2
1982,1
1983,1
1984,2
1985,2
1986,2
1987,2
1988,1
1989,2
1990,0
1991,2
1992,1
1993,0
1994,0
1995,1
1996,2
1997,2
1998,1
1999,0
2000,2
2001,2
2002,0
2003,0
2004,2
2005,1
2006,0
2007,1
2008,1
2009,0
2010,1
2011,2
2012,0
2013,1
2014,2
2015,0
2016,1
2017,0
2018,0
2019,1
2020,1
2021,1
2022,2
2023,2
2024,2
2025,0
2026,2
2027,2
2028,2
2029,1
2030,1
2031,1
2032,1
2033,2
2034,0
2035,2
2036,2
2037,1
2038,0
2039,1
2040,1
2041,0
2042,0
2043,2
2044,2
2045,0
2046,1
2047,1
2048,1
2049,0
2050,2
2051,1
2052,0
2053,2
2054,2
2055,1
2056,2
2057,1
2058,0
2059,1
2060,2
2061,2
2062,0
2063,1
2064,0
2065,2
2066,1
2067,2
2068,2
2069,0
2070,2
2071,1
2072,2
2073,1
2074,2
2075,1
2076,1
2077,0
2078,1
2079,1
2080,0
2081,1
2082,1
2083,2
2084,2
2085,0
2086,2
2087,2
2088,1
2089,2
2090,2
2091,0
2092,1
2093,0
2094,0
2095,0
2096,2
2097,0
2098,0
2099,1
2100,1
2101,1
2102,2
2103,0
2104,1
2105,0
2106,1
2107,1
2108,1
2109,2
2110,1
2111,1
2112,1
2113,2
2114,1
2115,0
2116,0
2117,2
2118,2
2119,2
2120,2
2121,0
2122,0
2123,2
2124,2
2125,2
2126,1
2127,0
2128,2
2129,1
2130,0
2131,2
2132,1
2133,2
2134,1
2135,1
2136,0
2137,1
2138,2
2139,0
2140,0
2141,0
2142,0
2143,1
2144,1
2145,1
2146,2
2147,2
2148,0
2149,2
2150,0
2151,0
2152,1
2153,2
2154,0
2155,2
2156,0
2157,1
2158,1
2159,1
2160,2
2161,0
2162,2
2163,0
2164,2
2165,1
2166,2
2167,2
2168,0
2169,2
2170,1
2171,0
2172,2
2173,1
2174,2
2175,2
2176,1
2177,2
2178,2
2179,2
2180,1
2181,2
2182,0
2183,1
2184,1
2185,0
2186,0
2187,1
2188,2
2189,1
2190,0
2191,1
2192,1
2193,1
2194,0
2195,2
2196,2
2197,1
2198,1
2199,0
2200,1
2201,2
2202,2
2203,2
2204,0
2205,1
2206,2
2207,0
2208,0
2209,0
2210,0
2211,1
2212,2
2213,0
2214,0
2215,2
2216,2
2217,0
2218,1
2219,2
2220,2
2221,2
2222,2
2223,0
2224,2
2225,1
2226,1
2227,0
2228,1
2229,1
2230,0
2231,0
2232,2
2233,2
2234,0
2235,1
2236,2
2237,1
2238,1
2239,0
2240,1
2241,0
2242,1
2243,0
2244,2
2245,1
2246,1
2247,1
2248,2
2249,2
2250,1
2251,2
2252,1
2253,2
2254,1
2255,2
2256,0
2257,0
2258,1
2259,2
2260,2
2261,1
2262,0
2263,1
2264,0
2265,2
2266,1
2267,1
2268,2
2269,1
2270,1
2271,2
2272,0
2273,0
2274,0
2275,2
2276,2
2277,2
2278,2
2279,2
2280,2
2281,1
2282,2
2283,0
2284,2
2285,1
2286,0
2287,0
2288,0
2289,2
2290,1
2291,2
2292,2
2293,0
2294,0
2295,2
2296,1
2297,1
2298,0
2299,0
2300,2
2301,0
2302,1
2303,0
2304,2
2305,2
2306,2
2307,1
2308,2
2309,0
2310,1
2311,0
2312,2
2313,1
2314,2
2315,2
2316,0
2317,2
2318,1
2319,0
2320,2
2321,0
2322,0
2323,2
2324,1
2325,1
2326,2
2327,1
2328,1
2329,0
2330,1
2331,1
2332,2
2333,1
2334,0
2335,0
2336,0
2337,2
2338,0
2339,2
2340,2
2341,0
2342,1
2343,2
2344,2
2345,2
2346,0
2347,2
2348,0
2349,1
2350,0
2351,2
2352,2
2353,1
2354,0
2355,2
2356,0
2357,2
2358,2
2359,1
2360,2
2361,0
2362,0
2363,1
2364,1
2365,1
2366,1
2367,2
2368,1
2369,0
2370,1
2371,1
2372,0
2373,2
2374,2
2375,1
2376,1
2377,2
2378,1
2379,2
2380,2
2381,0
2382,0
2383,2
2384,2
2385,0
2386,1
2387,1
2388,0
2389,2
2390,0
2391,0
2392,2
2393,0
2394,2
2395,2
2396,2
2397,2
2398,0
2399,2
2400,1
2401,1
2402,2
2403,2
2404,2
2405,2
2406,2
2407,1
2408,1
2409,2
2410,2
2411,0
2412,1
2413,1
2414,2
2415,0
2416,2
2417,0
2418,2
2419,1
2420,0
2421,2
2422,0
2423,0
2424,2
2425,2
2426,0
2427,1
2428,1
2429,1
2430,0
2431,0
2432,2
2433,1
2434,1
2435,0
2436,2
2437,2
2438,2
2439,2
2440,0
2441,1
2442,1
2443,2
2444,2
2445,1
2446,0
2447,0
2448,2
2449,1
2450,1
2451,1
2452,0
2453,2
2454,0
2455,1
2456,0
2457,1
2458,0
2459,1
2460,1
2461,2
2462,0
2463,2
2464,0
2465,1
2466,0
2467,1
2468,1
2469,2
2470,1
2471,2
2472,0
2473,0
2474,2
2475,0
2476,2
2477,2
2478,2
2479,1
2480,1
2481,0
2482,2
2483,0
2484,2
2485,0
2486,2
2487,0
2488,0
2489,2
2490,2
2491,0
2492,1
2493,1
2494,1
2495,0
2496,2
2497,2
2498,2
2499,0
2500,0
2501,1
2502,2
2503,1
2504,1
2505,2
2506,2
2507,1
2508,0
2509,0
2510,2
2511,0
2512,2
2513,0
2514,1
2515,2
2516,0
2517,0
2518,0
2519,1
2520,1
2521,0
2522,0
2523,0
2524,0
2525,2
2526,1
2527,2
2528,0
2529,2
2530,2
2531,0
2532,0
2533,0
2534,0
2535,2
2536,0
2537,0
2538,0
2539,0
2540,0
2541,2
2542,2
2543,1
2544,2
2545,0
2546,0
2547,1
2548,2
2549,2
2550,2
2551,0
2552,2
2553,1
2554,1
2555,2
2556,0
2557,2
2558,0
2559,2
2560,1
2561,2
2562,2
2563,1
2564,1
2565,1
2566,1
2567,2
2568,1
2569,2
2570,0
2571,2
2572,0
2573,1
2574,0
2575,0
2576,0
2577,1
2578,2
2579,0
2580,0
2581,1
2582,0
2583,2
2584,1
2585,0
2586,0
2587,2
2588,2
2589,1
2590,2
2591,0
2592,1
2593,1
2594,1
2595,2
2596,0
2597,2
2598,1
2599,1
2600,1
2601,0
2602,0
2603,2
2604,0
2605,2
2606,2
2607,1
2608,0
2609,2
2610,2
2611,1
2612,1
2613,0
2614,0
2615,2
2616,2
2617,1
2618,0
2619,2
2620,2
2621,2
2622,0
2623,1
2624,2
2625,1
2626,2
2627,1
2628,2
2629,0
2630,1
2631,2
2632,2
2633,0
2634,1
2635,1
2636,1
2637,2
2638,0
2639,2
2640,1
2641,1
2642,2
2643,0
2644,1
2645,0
2646,0
2647,1
2648,2
2649,0
2650,0
2651,1
2652,0
2653,2
2654,2
2655,1
2656,0
2657,0
2658,0
2659,0
2660,0
2661,2
2662,1
2663,1
2664,0
2665,0
2666,0
2667,1
2668,1
2669,2
2670,0
2671,1
2672,0
2673,0
2674,0
2675,2
2676,2
2677,1
2678,1
2679,2
2680,1
2681,2
2682,0
2683,0
2684,2
2685,2
2686,1
2687,1
2688,0
2689,0
2690,2
2691,1
2692,0
2693,2
2694,0
2695,0
2696,1
2697,2
2698,1
2699,0
2700,2
2701,2
2702,2
2703,1
2704,1
2705,2
2706,1
2707,0
2708,2
2709,1
2710,0
2711,0
2712,1
2713,0
2714,0
2715,1
2716,1
2717,1
2718,0
2719,0
2720,2
2721,1
2722,1
2723,1
2724,1
2725,0
2726,0
2727,2
2728,1
2729,2
2730,0
2731,2
2732,2
2733,1
2734,2
2735,0
2736,0
2737,1
2738,1
2739,1
2740,0
2741,1
2742,1
2743,2
2744,0
2745,2
2746,2
2747,1
2748,0
2749,0
2750,1
2751,0
2752,0
2753,0
2754,1
2755,2
2756,0
2757,2
2758,0
2759,2
2760,1
2761,0
2762,0
2763,2
2764,0
2765,0
2766,2
2767,1
2768,0
2769,1
2770,2
2771,2
2772,1
2773,1
2774,1
2775,0
2776,2
2777,2
2778,0
2779,1
2780,2
2781,1
2782,2
2783,0
2784,0
2785,0
2786,1
2787,0
2788,0
2789,0
2790,2
2791,2
2792,0
2793,1
2794,1
2795,1
2796,2
2797,0
2798,2
2799,0
2800,1
2801,0
2802,2
2803,0
2804,0
2805,0
2806,2
2807,1
2808,2
2809,0
2810,0
2811,2
2812,0
2813,2
2814,0
2815,1
2816,1
2817,1
2818,2
2819,0
2820,2
2821,1
2822,2
2823,2
2824,2
2825,1
2826,0
2827,0
2828,2
2829,1
2830,2
2831,2
2832,0
2833,2
2834,1
2835,2
2836,0
2837,2
2838,0
2839,2
2840,2
2841,0
2842,0
2843,2
2844,2
2845,2
2846,0
2847,1
2848,2
2849,2
2850,1
2851,1
2852,2
2853,2
2854,0
2855,1
2856,0
2857,2
2858,0
2859,0
2860,0
2861,0
2862,0
2863,0
2864,2
2865,2
2866,1
2867,0
2868,0
2869,2
2870,2
2871,0
2872,2
2873,2
2874,2
2875,0
2876,0
2877,2
2878,0
2879,0
2880,2
2881,0
2882,0
2883,2
2884,2
2885,1
2886,2
2887,0
2888,0
2889,1
2890,2
2891,0
2892,1
2893,1
2894,2
2895,2
2896,2
2897,1
2898,2
2899,2
2900,1
2901,0
2902,0
2903,2
2904,2
2905,0
2906,1
2907,0
2908,1
2909,0
2910,0
2911,0
2912,1
2913,2
2914,1
2915,0
2916,0
2917,1
2918,1
2919,0
2920,1
2921,1
2922,2
2923,2
2924,0
2925,1
2926,1
2927,1
2928,2
2929,0
2930,2
2931,0
2932,1
2933,0
2934,1
2935,2
2936,1
2937,2
2938,1
2939,2
2940,1
2941,2
2942,2
2943,2
2944,2
2945,1
2946,0
2947,0
2948,2
2949,2
2950,1
2951,1
2952,1
2953,1
2954,1
2955,0
2956,2
2957,2
2958,1
2959,0
2960,1
2961,1
2962,2
2963,1
2964,0
2965,0
2966,2
2967,2
2968,2
2969,1
2970,0
2971,0
2972,2
2973,2
2974,0
2975,1
2976,0
2977,0
2978,1
2979,2
2980,1
2981,0
2982,1
2983,2
2984,0
2985,2
2986,0
2987,0
2988,1
2989,2
2990,1
2991,0
2992,2
2993,0
2994,1
2995,1
2996,1
2997,2
2998,0
2999,1
3000,0
3001,1
3002,0
3003,0
3004,1
3005,0
3006,1
3007,0
3008,2
3009,2
3010,1
3011,0
3012,2
3013,2
3014,2
3015,2
3016,2
3017,1
3018,2
3019,1
3020,2
3021,2
3022,0
3023,0
3024,0
3025,2
3026,2
3027,2
3028,0
3029,0
3030,2
3031,1
3032,2
3033,1
3034,2
3035,1
3036,0
3037,2
3038,1
3039,0
3040,0
3041,0
3042,2
3043,0
3044,0
3045,1
3046,1
3047,2
3048,0
3049,2
3050,0
3051,1
3052,2
3053,1
3054,0
3055,1
3056,2
3057,1
3058,0
3059,2
3060,0
3061,1
3062,2
3063,1
3064,2
3065,1
3066,1
3067,2
3068,2
3069,0
3070,2
3071,2
3072,0
3073,0
3074,1
3075,1
3076,1
3077,2
3078,1
3079,2
3080,0
3081,0
3082,1
3083,0
3084,2
3085,0
3086,2
3087,0
3088,0
3089,0
3090,0
3091,0
3092,0
3093,2
3094,0
3095,2
3096,2
3097,2
3098,2
3099,2
3100,2
3101,2
3102,1
3103,2
3104,1
3105,1
3106,0
3107,1
3108,2
3109,0
3110,2
3111,0
3112,1
3113,1
3114,2
3115,0
3116,1
3117,0
3118,0
3119,0
3120,0
3121,1
3122,0
3123,0
3124,0
3125,0
3126,0
3127,1
3128,1
3129,1
3130,2
3131,2
3132,0
3133,2
3134,2
3135,0
3136,1
3137,0
3138,0
3139,1
3140,2
3141,1
3142,1
3143,0
3144,2
3145,2
3146,0
3147,0
3148,2
3149,1
3150,1
3151,0
3152,0
3153,2
3154,0
3155,1
3156,2
3157,0
3158,0
3159,1
3160,1
3161,0
3162,0
3163,0
3164,1
3165,1
3166,2
3167,2
3168,2
3169,2
3170,1
3171,1
3172,0
3173,0
3174,1
3175,1
3176,1
3177,1
3178,2
3179,0
3180,1
3181,2
3182,2
3183,1
3184,1
3185,2
3186,0
3187,2
3188,1
3189,0
3190,1
3191,2
3192,1
3193,1
3194,0
3195,1
3196,0
3197,0
3198,0
3199,1
3200,0
3201,2
3202,2
3203,2
3204,0
3205,1
3206,1
3207,1
3208,0
3209,2
3210,2
3211,1
3212,1
3213,0
3214,2
3215,0
3216,2
3217,2
3218,2
3219,1
3220,0
3221,0
3222,2
3223,0
3224,1
3225,1
3226,2
3227,1
3228,1
3229,1
3230,0
3231,1
3232,1
3233,0
3234,1
3235,2
3236,1
3237,2
3238,0
3239,0
3240,1
3241,2
3242,1
3243,2
3244,1
3245,0
3246,2
3247,2
3248,0
3249,0
3250,2
3251,1
3252,1
3253,2
3254,2
3255,1
3256,2
3257,1
3258,0
3259,1
3260,2
3261,2
3262,2
3263,2
3264,1
3265,2
3266,1
3267,1
3268,0
3269,1
3270,2
3271,2
3272,1
3273,0
3274,2
3275,0
3276,0
3277,2
3278,1
3279,1
3280,2
3281,1
3282,1
3283,1
3284,1
3285,0
3286,2
3287,2
3288,1
3289,0
3290,1
3291,1
3292,1
3293,1
3294,2
3295,0
3296,1
3297,1
3298,1
3299,0
3300,0
3301,0
3302,0
3303,2
3304,0
3305,0
3306,2
3307,1
3308,0
3309,0
3310,1
3311,0
3312,0
3313,2
3314,0
3315,1
3316,1
3317,0
3318,2
3319,2
3320,1
3321,0
3322,2
3323,2
3324,0
3325,1
3326,2
3327,1
3328,1
3329,2
3330,1
3331,0
3332,1
3333,0
3334,2
3335,1
3336,2
3337,1
3338,1
3339,0
3340,2
3341,0
3342,0
3343,1
3344,0
3345,0
3346,1
3347,0
3348,0
3349,0
3350,1
3351,1
3352,1
3353,1
3354,2
3355,0
3356,2
3357,1
3358,2
3359,1
3360,0
3361,0
3362,2
3363,1
3364,1
3365,0
3366,1
3367,1
3368,0
3369,1
3370,1
3371,0
3372,2
3373,1
3374,0
3375,2
3376,0
3377,1
3378,1
3379,0
3380,0
3381,2
3382,2
3383,1
3384,2
3385,2
3386,2
3387,2
3388,1
3389,0
3390,0
3391,0
3392,1
3393,0
3394,1
3395,2
3396,2
3397,0
3398,0
3399,0
3400,2
3401,1
3402,2
3403,2
3404,0
3405,1
3406,1
3407,1
3408,0
3409,0
3410,1
3411,2
3412,0
3413,1
3414,2
3415,0
3416,0
3417,0
3418,2
3419,1
3420,1
3421,0
3422,1
3423,1
3424,2
3425,0
3426,2
3427,2
3428,0
3429,0
3430,0
3431,0
3432,2
3433,0
3434,0
3435,1
3436,0
3437,1
3438,1
3439,1
3440,2
3441,1
3442,2
3443,0
3444,2
3445,0
3446,2
3447,0
3448,2
3449,2
3450,0
3451,2
3452,0
3453,2
3454,0
3455,2
3456,0
3457,1
3458,1
3459,2
3460,2
3461,1
3462,1
3463,0
3464,1
3465,2
3466,0
3467,2
3468,2
3469,1
3470,2
3471,1
3472,2
3473,0
3474,2
3475,1
3476,1
3477,1
3478,0
3479,2
3480,1
3481,0
3482,1
3483,1
3484,2
3485,0
3486,1
3487,2
3488,0
3489,2
3490,1
3491,2
3492,2
3493,0
3494,1
3495,1
3496,0
3497,1
3498,0
3499,0
3500,0
3501,1
3502,1
3503,2
3504,2
3505,2
3506,2
3507,0
3508,0
3509,2
3510,0
3511,0
3512,0
3513,0
3514,1
3515,0
3516,1
3517,0
3518,0
3519,2
3520,1
3521,0
3522,0
3523,1
3524,0
3525,2
3526,0
3527,1
3528,0
3529,1
3530,0
3531,1
3532,1
3533,0
3534,0
3535,1
3536,2
3537,0
3538,0
3539,0
3540,0
3541,0
3542,1
3543,1
3544,1
3545,2
3546,1
3547,1
3548,1
3549,0
3550,2
3551,1
3552,0
3553,1
3554,1
3555,2
3556,0
3557,0
3558,1
3559,0
3560,0
3561,1
3562,1
3563,0
3564,2
3565,0
3566,2
3567,2
3568,2
3569,1
3570,2
3571,2
3572,0
3573,2
3574,2
3575,1
3576,2
3577,1
3578,2
3579,2
3580,2
3581,0
3582,2
3583,2
3584,0
3585,2
3586,2
3587,1
3588,2
3589,2
3590,2
3591,2
3592,2
3593,2
3594,0
3595,0
3596,1
3597,0
3598,1
3599,0
3600,1
3601,0
3602,0
3603,2
3604,2
3605,0
3606,0
3607,0
3608,0
3609,1
3610,0
3611,1
3612,0
3613,1
3614,0
3615,0
3616,0
3617,0
3618,1
3619,1
3620,1
3621,0
3622,0
3623,2
3624,2
3625,0
3626,1
3627,1
3628,2
3629,1
3630,0
3631,0
3632,0
3633,2
3634,1
3635,2
3636,2
3637,1
3638,2
3639,2
3640,2
3641,1
3642,1
3643,0
3644,2
3645,0
3646,2
3647,2
3648,0
3649,0
3650,1
3651,1
3652,2
3653,2
3654,0
3655,0
3656,1
3657,0
3658,2
3659,1
3660,1
3661,0
3662,1
3663,2
3664,2
3665,0
3666,2
3667,2
3668,2
3669,0
3670,2
3671,1
3672,0
3673,2
3674,0
3675,0
3676,2
3677,0
3678,1
3679,1
3680,1
3681,2
3682,1
3683,1
3684,0
3685,2
3686,0
3687,0
3688,0
3689,1
3690,2
3691,1
3692,2
3693,1
3694,1
3695,1
3696,2
3697,1
3698,2
3699,0
3700,0
3701,0
3702,0
3703,2
3704,0
3705,0
3706,1
3707,2
3708,0
3709,0
3710,1
3711,2
3712,0
3713,1
3714,1
3715,0
3716,0
3717,2
3718,2
3719,0
3720,0
3721,0
3722,1
3723,1
3724,2
3725,2
3726,2
3727,0
3728,1
3729,1
3730,0
3731,2
3732,2
3733,2
3734,2
3735,1
3736,1
3737,1
3738,1
3739,2
3740,2
3741,2
3742,0
3743,0
3744,0
3745,0
3746,2
3747,2
3748,0
3749,1
3750,0
3751,1
3752,2
3753,2
3754,1
3755,2
3756,2
3757,2
3758,2
3759,2
3760,1
3761,1
3762,2
3763,1
3764,0
3765,2
3766,0
3767,2
3768,2
3769,2
3770,1
3771,0
3772,1
3773,1
3774,2
3775,0
3776,1
3777,0
3778,1
3779,1
3780,1
3781,0
3782,0
3783,0
3784,0
3785,2
3786,0
3787,0
3788,0
3789,2
3790,1
3791,1
3792,1
3793,1
3794,1
3795,2
3796,2
3797,2
3798,1
3799,0
3800,0
3801,0
3802,0
3803,0
3804,0
3805,0
3806,0
3807,2
3808,2
3809,1
3810,1
3811,0
3812,0
3813,0
3814,0
3815,1
3816,1
3817,1
3818,0
3819,2
3820,0
3821,2
3822,1
3823,0
3824,1
3825,1
3826,0
3827,1
3828,0
3829,0
3830,0
3831,1
3832,1
3833,2
3834,1
3835,2
3836,2
3837,2
3838,0
3839,1
3840,1
3841,2
3842,0
3843,0
3844,2
3845,0
3846,1
3847,1
3848,2
3849,2
3850,0
3851,2
3852,2
3853,1
3854,1
3855,0
3856,2
3857,1
3858,0
3859,0
3860,1
3861,0
3862,1
3863,2
3864,0
3865,1
3866,2
3867,0
3868,1
3869,0
3870,2
3871,0
3872,0
3873,0
3874,2
3875,0
3876,2
3877,0
3878,1
3879,0
3880,1
3881,0
3882,2
3883,1
3884,1
3885,0
3886,1
3887,2
3888,1
3889,2
3890,0
3891,2
3892,2
3893,2
3894,0
3895,0
3896,0
3897,0
3898,2
3899,2
3900,0
3901,1
3902,1
3903,0
3904,0
3905,0
3906,0
3907,0
3908,2
3909,0
3910,0
3911,2
3912,1
3913,0
3914,0
3915,2
3916,1
3917,1
3918,2
3919,2
3920,1
3921,0
3922,0
3923,0
3924,1
3925,1
3926,2
3927,1
3928,0
3929,2
3930,0
3931,0
3932,1
3933,0
3934,2
3935,1
3936,2
3937,2
3938,2
3939,2
3940,0
3941,2
3942,1
3943,0
3944,2
3945,2
3946,1
3947,2
3948,0
3949,0
3950,0
3951,1
3952,2
3953,1
3954,1
3955,2
3956,0
3957,1
3958,2
3959,1
3960,1
3961,1
3962,0
3963,0
3964,1
3965,1
3966,1
3967,1
3968,0
3969,0
3970,0
3971,2
3972,1
3973,2
3974,0
3975,0
3976,2
3977,1
3978,0
3979,2
3980,1
3981,2
3982,0
3983,2
3984,0
3985,1
3986,2
3987,1
3988,1
3989,1
3990,1
3991,2
3992,1
3993,1
3994,1
3995,1
3996,1
3997,0
3998,1
3999,0
4000,2
4001,1
4002,1
4003,0
4004,1
4005,2
4006,2
4007,0
4008,2
4009,1
4010,1
4011,0
4012,0
4013,2
4014,1
4015,0
4016,2
4017,1
4018,2
4019,1
4020,0
4021,2
4022,0
4023,2
4024,0
4025,0
4026,2
4027,2
4028,1
4029,2
4030,0
4031,0
4032,0
4033,1
4034,1
4035,1
4036,2
4037,1
4038,0
4039,2
4040,0
4041,1
4042,0
4043,1
4044,2
4045,2
4046,2
4047,0
4048,1
4049,0
4050,0
4051,1
4052,2
4053,1
4054,0
4055,2
4056,0
4057,1
4058,1
4059,2
4060,2
4061,1
4062,2
4063,2
4064,1
4065,1
4066,0
4067,1
4068,0
4069,1
4070,0
4071,1
4072,0
4073,2
4074,1
4075,1
4076,2
4077,0
4078,2
4079,2
4080,2
4081,0
4082,2
4083,2
4084,1
4085,2
4086,2
4087,1
4088,2
4089,2
4090,1
4091,2
4092,2
4093,2
4094,0
4095,0
4096,0
4097,1
4098,2
4099,0
4100,2
4101,2
4102,2
4103,2
4104,2
4105,0
4106,1
4107,0
4108,1
4109,0
4110,1
4111,1
4112,2
4113,0
4114,1
4115,0
4116,1
4117,2
4118,2
4119,1
4120,0
4121,2
4122,0
4123,2
4124,0
4125,2
4126,0
4127,0
4128,2
4129,1
4130,1
4131,0
4132,2
4133,1
4134,1
4135,0
4136,2
4137,0
4138,2
4139,1
4140,0
4141,0
4142,1
4143,1
4144,2
4145,2
4146,1
4147,0
4148,0
4149,0
4150,0
4151,1
4152,0
4153,2
4154,1
4155,2
4156,0
4157,0
4158,1
4159,0
4160,1
4161,0
4162,1
4163,0
4164,0
4165,2
4166,2
4167,2
4168,2
4169,1
4170,0
4171,1
4172,2
4173,0
4174,2
4175,0
4176,0
4177,0
4178,0
4179,0
4180,1
4181,2
4182,0
4183,0
4184,1
4185,1
4186,0
4187,2
4188,2
4189,2
4190,1
4191,0
4192,2
4193,1
4194,2
4195,1
4196,1
4197,2
4198,1
4199,2
4200,1
4201,2
4202,0
4203,0
4204,1
4205,1
4206,1
4207,0
4208,0
4209,1
4210,2
4211,1
4212,2
4213,1
4214,2
4215,2
4216,0
4217,0
4218,1
4219,1
4220,1
4221,2
4222,0
4223,0
4224,2
4225,1
4226,2
4227,1
4228,1
4229,0
4230,0
4231,1
4232,2
4233,0
4234,2
4235,2
4236,2
4237,2
4238,2
4239,2
4240,0
4241,2
4242,0
4243,2
4244,1
4245,2
4246,1
4247,1
4248,1
4249,2
4250,2
4251,0
4252,0
4253,1
4254,1
4255,2
4256,1
4257,2
4258,2
4259,1
4260,2
4261,1
4262,2
4263,2
4264,1
4265,0
4266,0
4267,1
4268,2
4269,1
4270,0
4271,1
4272,0
4273,1
4274,0
4275,0
4276,2
4277,2
4278,2
4279,2
4280,0
4281,0
4282,1
4283,2
4284,2
4285,1
4286,1
4287,1
4288,1
4289,2
4290,1
4291,0
4292,2
4293,0
4294,1
4295,1
4296,0
4297,2
4298,0
4299,2
4300,2
4301,0
4302,1
4303,1
4304,1
4305,2
4306,1
4307,0
4308,1
4309,2
4310,1
4311,1
4312,2
4313,2
4314,2
4315,0
4316,2
4317,2
4318,1
4319,2
4320,0
4321,2
4322,2
4323,1
4324,1
4325,0
4326,0
4327,2
4328,2
4329,0
4330,0
4331,2
4332,2
4333,0
4334,2
4335,1
4336,2
4337,0
4338,2
4339,1
4340,1
4341,2
4342,1
4343,1
4344,2
4345,2
4346,0
4347,1
4348,1
4349,1
4350,1
4351,1
4352,0
4353,2
4354,0
4355,1
4356,0
4357,0
4358,1
4359,0
4360,0
4361,0
4362,1
4363,0
4364,1
4365,1
4366,2
4367,1
4368,0
4369,2
4370,2
4371,0
4372,0
4373,0
4374,0
4375,1
4376,1
4377,2
4378,1
4379,2
4380,0
4381,1
4382,0
4383,0
4384,1
4385,2
4386,1
4387,0
4388,2
4389,2
4390,2
4391,1
4392,0
4393,1
4394,1
4395,0
4396,0
4397,0
4398,0
4399,2
4400,1
4401,1
4402,0
4403,1
4404,0
4405,0
4406,2
4407,2
4408,2
4409,0
4410,1
4411,0
4412,0
4413,2
4414,2
4415,2
4416,0
4417,1
4418,1
4419,2
4420,0
4421,0
4422,2
4423,2
4424,2
4425,1
4426,2
4427,1
4428,1
4429,1
4430,2
4431,1
4432,0
4433,2
4434,1
4435,2
4436,0
4437,0
4438,1
4439,2
4440,1
4441,2
4442,1
4443,2
4444,1
4445,1
4446,1
4447,2
4448,2
4449,0
4450,1
4451,2
4452,1
4453,1
4454,2
4455,0
4456,1
4457,2
4458,0
4459,0
4460,0
4461,1
4462,2
4463,2
4464,1
4465,0
4466,2
4467,0
4468,1
4469,1
4470,2
4471,1
4472,1
4473,2
4474,1
4475,0
4476,2
4477,1
4478,1
4479,2
4480,2
4481,1
4482,2
4483,1
4484,1
4485,1
4486,2
4487,2
4488,1
4489,1
4490,0
4491,0
4492,0
4493,0
4494,1
4495,2
4496,0
4497,2
4498,1
4499,0
4500,2
4501,1
4502,2
4503,1
4504,0
4505,1
4506,0
4507,2
4508,2
4509,2
4510,1
4511,1
4512,2
4513,0
4514,0
4515,2
4516,2
4517,2
4518,0
4519,1
4520,2
4521,0
4522,0
4523,0
4524,0
4525,1
4526,0
4527,0
4528,0
4529,0
4530,0
4531,1
4532,0
4533,2
4534,0
4535,0
4536,0
4537,1
4538,1
4539,1
4540,2
4541,1
4542,1
4543,2
4544,2
4545,0
4546,2
4547,0
4548,2
4549,2
4550,1
4551,0
4552,1
4553,0
4554,1
4555,0
4556,2
4557,2
4558,1
4559,0
4560,2
4561,1
4562,0
4563,1
4564,1
4565,1
4566,1
4567,1
4568,0
4569,2
4570,2
4571,0
4572,2
4573,1
4574,0
4575,0
4576,1
4577,1
4578,0
4579,0
4580,1
4581,1
4582,2
4583,1
4584,1
4585,2
4586,1
4587,2
4588,1
4589,1
4590,1
4591,0
4592,2
4593,2
4594,0
4595,1
4596,2
4597,0
4598,0
4599,2
4600,1
4601,2
4602,2
4603,2
4604,2
4605,0
4606,1
4607,2
4608,2
4609,0
4610,0
4611,0
4612,1
4613,0
4614,2
4615,0
4616,1
4617,1
4618,2
4619,2
4620,2
4621,2
4622,1
4623,0
4624,1
4625,2
4626,0
4627,1
4628,2
4629,2
4630,1
4631,1
4632,1
4633,2
4634,2
4635,1
4636,2
4637,2
4638,2
4639,0
4640,2
4641,0
4642,1
4643,2
4644,0
4645,1
4646,2
4647,0
4648,0
4649,1
4650,1
4651,2
4652,2
4653,1
4654,0
4655,1
4656,0
4657,0
4658,0
4659,2
4660,0
4661,1
4662,2
4663,1
4664,1
4665,0
4666,1
4667,1
4668,2
4669,2
4670,1
4671,0
4672,2
4673,2
4674,1
4675,1
4676,2
4677,1
4678,1
4679,2
4680,1
4681,1
4682,0
4683,1
4684,2
4685,1
4686,1
4687,2
4688,2
4689,2
4690,0
4691,2
4692,0
4693,1
4694,0
4695,1
4696,1
4697,2
4698,1
4699,0
4700,0
4701,1
4702,0
4703,0
4704,2
4705,2
4706,2
4707,0
4708,0
4709,1
4710,2
4711,2
4712,1
4713,0
4714,0
4715,1
4716,2
4717,2
4718,0
4719,2
4720,1
4721,1
4722,1
4723,2
4724,0
4725,2
4726,0
4727,0
4728,0
4729,0
4730,2
4731,1
4732,0
4733,2
4734,0
4735,2
4736,2
4737,0
4738,1
4739,0
4740,2
4741,2
4742,1
4743,0
4744,2
4745,1
4746,0
4747,0
4748,1
4749,1
4750,0
4751,2
4752,2
4753,0
4754,2
4755,0
4756,0
4757,0
4758,0
4759,1
4760,1
4761,1
4762,0
4763,2
4764,1
4765,2
4766,2
4767,2
4768,2
4769,1
4770,2
4771,1
4772,1
4773,1
4774,0
4775,0
4776,2
4777,1
4778,2
4779,1
4780,2
4781,1
4782,1
4783,0
4784,2
4785,1
4786,1
4787,1
4788,0
4789,2
4790,0
4791,1
4792,0
4793,2
4794,2
4795,2
4796,0
4797,1
4798,0
4799,1
4800,0
4801,0
4802,0
4803,1
4804,0
4805,0
4806,0
4807,1
4808,1
4809,2
4810,1
4811,2
4812,0
4813,1
4814,1
4815,0
4816,1
4817,2
4818,0
4819,0
4820,2
4821,2
4822,2
4823,2
4824,0
4825,2
4826,1
4827,0
4828,1
4829,2
4830,2
4831,2
4832,2
4833,0
4834,0
4835,0
4836,1
4837,2
4838,1
4839,1
4840,1
4841,0
4842,0
4843,1
4844,1
4845,1
4846,2
4847,0
4848,1
4849,1
4850,1
4851,0
4852,2
4853,2
4854,2
4855,1
4856,0
4857,0
4858,2
4859,1
4860,1
4861,0
4862,0
4863,2
4864,0
4865,1
4866,0
4867,0
4868,2
4869,0
4870,1
4871,1
4872,1
4873,0
4874,0
4875,0
4876,2
4877,0
4878,1
4879,1
4880,1
4881,1
4882,1
4883,2
4884,2
4885,2
4886,2
4887,0
4888,1
4889,0
4890,0
4891,2
4892,2
4893,2
4894,0
4895,1
4896,2
4897,2
4898,2
4899,1
4900,2
4901,0
4902,1
4903,0
4904,0
4905,1
4906,0
4907,1
4908,2
4909,1
4910,2
4911,0
4912,1
4913,0
4914,0
4915,2
4916,0
4917,1
4918,0
4919,2
4920,0
4921,2
4922,2
4923,0
4924,0
4925,1
4926,2
4927,2
4928,0
4929,0
4930,2
4931,2
4932,0
4933,1
4934,1
4935,0
4936,2
4937,1
4938,1
4939,0
4940,1
4941,2
4942,2
4943,1
4944,1
4945,1
4946,1
4947,1
4948,2
4949,0
4950,0
4951,0
4952,1
4953,2
4954,2
4955,0
4956,2
4957,2
4958,0
4959,1
4960,1
4961,1
4962,1
4963,0
4964,2
4965,1
4966,2
4967,2
4968,2
4969,0
4970,2
4971,1
4972,0
4973,0
4974,1
4975,2
4976,1
4977,0
4978,0
4979,1
4980,1
4981,2
4982,2
4983,1
4984,1
4985,0
4986,0
4987,1
4988,0
4989,2
4990,2
4991,2
4992,0
4993,0
4994,0
4995,1
4996,0
4997,2
4998,2
4999,2
5000,2
5001,2
5002,0
5003,0
5004,1
5005,0
5006,2
5007,0
5008,0
5009,1
5010,2
5011,1
5012,0
5013,0
5014,2
5015,1
5016,0
5017,0
5018,1
5019,0
5020,1
5021,1
5022,2
5023,2
5024,0
5025,0
5026,1
5027,1
5028,2
5029,1
5030,1
5031,1
5032,2
5033,1
5034,1
5035,0
5036,0
5037,1
5038,1
5039,2
5040,0
5041,0
5042,1
5043,2
5044,0
5045,2
5046,1
5047,2
5048,0
5049,2
5050,1
5051,0
5052,2
5053,2
5054,2
5055,1
5056,1
5057,0
5058,0
5059,0
5060,0
5061,2
5062,0
5063,1
5064,1
5065,0
5066,0
5067,1
5068,0
5069,1
5070,2
5071,2
5072,2
5073,1
5074,0
5075,2
5076,1
5077,1
5078,1
5079,1
5080,0
5081,0
5082,2
5083,0
5084,0
5085,1
5086,2
5087,0
5088,1
5089,2
5090,0
5091,0
5092,0
5093,0
5094,1
5095,1
5096,0
5097,1
5098,2
5099,0
5100,0
5101,0
5102,2
5103,2
5104,1
5105,2
5106,1
5107,1
5108,0
5109,1
5110,1
5111,2
5112,1
5113,2
5114,0
5115,1
5116,0
5117,2
5118,2
5119,0
5120,1
5121,1
5122,1
5123,1
5124,2
5125,0
5126,0
5127,2
5128,1
5129,0
5130,0
5131,2
5132,0
5133,2
5134,1
5135,0
5136,2
5137,1
5138,0
5139,1
5140,1
5141,1
5142,2
5143,2
5144,2
5145,1
5146,2
5147,2
5148,0
5149,1
5150,2
5151,0
5152,0
5153,2
5154,0
5155,0
5156,0
5157,0
5158,2
5159,2
5160,0
5161,2
5162,0
5163,1
5164,1
5165,1
5166,2
5167,2
5168,2
5169,2
5170,2
5171,1
5172,1
5173,0
5174,2
5175,1
5176,1
5177,2
5178,2
5179,2
5180,0
5181,2
5182,2
5183,2
5184,0
5185,0
5186,1
5187,0
5188,1
5189,2
5190,1
5191,0
5192,2
5193,2
5194,1
5195,2
5196,2
5197,1
5198,2
5199,0
5200,2
5201,1
5202,0
5203,2
5204,2
5205,1
5206,1
5207,0
5208,0
5209,2
5210,2
5211,0
5212,2
5213,2
5214,0
5215,0
5216,2
5217,2
5218,2
5219,2
5220,1
5221,0
5222,1
5223,2
5224,0
5225,0
5226,0
5227,0
5228,0
5229,1
5230,1
5231,1
5232,0
5233,1
5234,0
5235,2
5236,2
5237,1
5238,2
5239,2
5240,1
5241,1
5242,2
5243,2
5244,0
5245,1
5246,1
5247,0
5248,1
5249,0
5250,0
5251,2
5252,2
5253,1
5254,0
5255,2
5256,1
5257,2
5258,0
5259,1
5260,2
5261,0
5262,1
5263,0
5264,2
5265,0
5266,2
5267,0
5268,1
5269,0
5270,1
5271,2
5272,2
5273,1
5274,0
5275,1
5276,0
5277,2
5278,0
5279,0
5280,2
5281,0
5282,0
5283,1
5284,1
5285,2
5286,2
5287,1
5288,0
5289,1
5290,2
5291,2
5292,1
5293,1
5294,2
5295,0
5296,0
5297,1
5298,0
5299,0
5300,2
5301,0
5302,2
5303,1
5304,2
5305,1
5306,1
5307,0
5308,1
5309,2
5310,1
5311,0
5312,2
5313,1
5314,0
5315,1
5316,2
5317,0
5318,1
5319,0
5320,1
5321,2
5322,1
5323,2
5324,1
5325,0
5326,2
5327,2
5328,0
5329,1
5330,1
5331,2
5332,2
5333,2
5334,1
5335,2
5336,0
5337,1
5338,0
5339,2
5340,1
5341,2
5342,2
5343,1
5344,0
5345,2
5346,2
5347,0
5348,1
5349,0
5350,2
5351,0
5352,1
5353,1
5354,0
5355,0
5356,2
5357,0
5358,0
5359,2
5360,0
5361,2
5362,2
5363,2
5364,2
5365,1
5366,2
5367,0
5368,0
5369,2
5370,0
5371,0
5372,2
5373,1
5374,2
5375,2
5376,0
5377,0
5378,1
5379,0
5380,2
5381,2
5382,1
5383,0
5384,1
5385,2
5386,1
5387,2
5388,1
5389,2
5390,0
5391,1
5392,1
5393,2
5394,0
5395,0
5396,1
5397,1
5398,1
5399,0
5400,0
5401,2
5402,2
5403,0
5404,0
5405,0
5406,0
5407,2
5408,0
5409,2
5410,0
5411,0
5412,0
5413,2
5414,1
5415,2
5416,2
5417,2
5418,2
5419,2
5420,2
5421,1
5422,1
5423,0
5424,2
5425,2
5426,0
5427,1
5428,2
5429,1
5430,1
5431,2
5432,1
5433,0
5434,1
5435,1
5436,0
5437,0
5438,0
5439,2
5440,1
5441,2
5442,1
5443,0
5444,2
5445,0
5446,2
5447,0
5448,2
5449,0
5450,1
5451,2
5452,2
5453,0
5454,1
5455,2
5456,2
5457,2
5458,0
5459,0
5460,0
5461,0
5462,0
5463,2
5464,1
5465,0
5466,2
5467,0
5468,1
5469,1
5470,2
5471,0
5472,2
5473,1
5474,2
5475,1
5476,2
5477,1
5478,1
5479,2
5480,0
5481,0
5482,2
5483,2
5484,0
5485,2
5486,1
5487,2
5488,0
5489,1
5490,1
5491,0
5492,0
5493,2
5494,1
5495,0
5496,2
5497,2
5498,0
5499,1
5500,2
5501,1
5502,1
5503,1
5504,2
5505,0
5506,0
5507,1
5508,0
5509,1
5510,0
5511,1
5512,2
5513,0
5514,2
5515,1
5516,2
5517,0
5518,1
5519,1
5520,1
5521,0
5522,0
5523,0
5524,2
5525,2
5526,2
5527,0
5528,1
5529,0
5530,2
5531,1
5532,2
5533,2
5534,2
5535,1
5536,1
5537,2
5538,2
5539,2
5540,2
5541,0
5542,0
5543,1
5544,0
5545,0
5546,2
5547,2
5548,0
5549,0
5550,1
5551,0
5552,1
5553,2
5554,1
5555,2
5556,2
5557,2
5558,1
5559,2
5560,2
5561,1
5562,2
5563,0
5564,2
5565,2
5566,2
5567,1
5568,1
5569,0
5570,0
5571,1
5572,2
5573,2
5574,2
5575,1
5576,1
5577,0
5578,2
5579,2
5580,0
5581,2
5582,2
5583,1
5584,0
5585,0
5586,0
5587,0
5588,0
5589,0
5590,2
5591,0
5592,0
5593,0
5594,1
5595,2
5596,2
5597,1
5598,0
5599,0
5600,2
5601,2
5602,2
5603,1
5604,2
5605,2
5606,2
5607,2
5608,2
5609,2
5610,2
5611,1
5612,0
5613,2
5614,2
5615,1
5616,0
5617,1
5618,0
5619,1
5620,1
5621,0
5622,2
5623,0
5624,1
5625,1
5626,2
5627,1
5628,0
5629,0
5630,1
5631,2
5632,0
5633,0
5634,2
5635,1
5636,1
5637,2
5638,2
5639,0
5640,2
5641,0
5642,0
5643,0
5644,1
5645,0
5646,2
5647,0
5648,2
5649,0
5650,0
5651,2
5652,0
5653,1
5654,0
5655,0
5656,2
5657,0
5658,2
5659,1
5660,2
5661,2
5662,1
5663,0
5664,0
5665,1
5666,2
5667,2
5668,0
5669,2
5670,0
5671,0
5672,1
5673,0
5674,2
5675,1
5676,2
5677,1
5678,1
5679,2
5680,2
5681,0
5682,2
5683,2
5684,2
5685,2
5686,1
5687,2
5688,2
5689,2
5690,1
5691,1
5692,1
5693,0
5694,0
5695,2
5696,1
5697,0
5698,2
5699,2
5700,1
5701,1
5702,1
5703,1
5704,2
5705,0
5706,2
5707,0
5708,0
5709,1
5710,0
5711,1
5712,2
5713,2
5714,1
5715,1
5716,0
5717,0
5718,0
5719,0
5720,2
5721,0
5722,2
5723,1
5724,1
5725,0
5726,1
5727,0
5728,2
5729,1
5730,1
5731,1
5732,1
5733,2
5734,1
5735,1
5736,2
5737,2
5738,0
5739,0
5740,1
5741,0
5742,2
5743,2
5744,0
5745,1
5746,2
5747,2
5748,1
5749,1
5750,0
5751,2
5752,2
5753,0
5754,2
5755,1
5756,2
5757,1
5758,1
5759,2
5760,1
5761,0
5762,2
5763,1
5764,0
5765,2
5766,2
5767,2
5768,0
5769,2
5770,0
5771,2
5772,1
5773,1
5774,2
5775,1
5776,0
5777,1
5778,0
5779,1
5780,2
5781,1
5782,1
5783,0
5784,2
5785,0
5786,1
5787,2
5788,0
5789,1
5790,2
5791,0
5792,0
5793,2
5794,2
5795,2
5796,1
5797,2
5798,0
5799,1
5800,1
5801,2
5802,1
5803,0
5804,0
5805,2
5806,0
5807,2
5808,2
5809,1
5810,1
5811,2
5812,1
5813,1
5814,2
5815,1
5816,2
5817,1
5818,1
5819,2
5820,1
5821,2
5822,0
5823,2
5824,0
5825,2
5826,1
5827,1
5828,2
5829,1
5830,1
5831,1
5832,1
5833,2
5834,1
5835,0
5836,0
5837,1
5838,2
5839,1
5840,2
5841,1
5842,1
5843,1
5844,0
5845,1
5846,0
5847,0
5848,0
5849,2
5850,0
5851,1
5852,2
5853,1
5854,1
5855,1
5856,1
5857,2
5858,1
5859,0
5860,1
5861,2
5862,2
5863,0
5864,0
5865,1
5866,2
5867,0
5868,2
5869,0
5870,2
5871,1
5872,2
5873,0
5874,0
5875,1
5876,2
5877,0
5878,0
5879,1
5880,0
5881,0
5882,0
5883,2
5884,1
5885,1
5886,1
5887,0
5888,1
5889,2
5890,0
5891,1
5892,2
5893,1
5894,0
5895,0
5896,0
5897,2
5898,2
5899,0
5900,2
5901,1
5902,0
5903,2
5904,2
5905,0
5906,1
5907,0
5908,2
5909,0
5910,0
5911,1
5912,0
5913,0
5914,0
5915,2
5916,1
5917,0
5918,1
5919,2
5920,0
5921,1
5922,0
5923,2
5924,0
5925,0
5926,1
5927,0
5928,0
5929,0
5930,2
5931,2
5932,0
5933,0
5934,2
5935,0
5936,2
5937,0
5938,0
5939,0
5940,0
5941,2
5942,1
5943,2
5944,1
5945,2
5946,1
5947,1
5948,0
5949,2
5950,2
5951,0
5952,1
5953,2
5954,1
5955,0
5956,2
5957,1
5958,1
5959,0
5960,0
5961,1
5962,2
5963,0
5964,0
5965,1
5966,1
5967,0
5968,1
5969,0
5970,2
5971,2
5972,2
5973,0
5974,0
5975,1
5976,0
5977,2
5978,2
5979,2
5980,1
5981,0
5982,1
5983,2
5984,1
5985,0
5986,2
5987,0
5988,2
5989,0
5990,1
5991,2
5992,2
5993,1
5994,2
5995,1
5996,1
5997,1
5998,1
5999,2
6000,2
6001,1
6002,2
6003,2
6004,0
6005,0
6006,1
6007,0
6008,2
6009,1
6010,1
6011,0
6012,0
6013,2
6014,1
6015,2
6016,2
6017,1
6018,1
6019,2
6020,2
6021,1
6022,0
6023,1
6024,0
6025,0
6026,2
6027,2
6028,0
6029,1
6030,1
6031,2
6032,0
6033,1
6034,2
6035,2
6036,2
6037,1
6038,1
6039,0
6040,2
6041,2
6042,0
6043,1
6044,2
6045,0
6046,1
6047,0
6048,0
6049,0
6050,0
6051,2
6052,1
6053,2
6054,2
6055,2
6056,1
6057,0
6058,0
6059,2
6060,0
6061,1
6062,1
6063,2
6064,0
6065,2
6066,2
6067,1
6068,2
6069,1
6070,0
6071,2
6072,2
6073,0
6074,2
6075,0
6076,0
6077,1
6078,0
6079,0
6080,1
6081,0
6082,1
6083,1
6084,2
6085,2
6086,2
6087,2
6088,2
6089,2
6090,2
6091,1
6092,2
6093,1
6094,2
6095,0
6096,2
6097,2
6098,0
6099,1
6100,2
6101,2
6102,0
6103,1
6104,1
6105,0
6106,0
6107,0
6108,1
6109,2
6110,2
6111,0
6112,1
6113,1
6114,0
6115,2
6116,0
6117,2
6118,2
6119,1
6120,1
6121,1
6122,0
6123,2
6124,2
6125,1
6126,1
6127,0
6128,0
6129,0
6130,0
6131,0
6132,1
6133,0
6134,1
6135,2
6136,1
6137,0
6138,1
6139,2
6140,1
6141,2
6142,1
6143,2
6144,1
6145,1
6146,2
6147,0
6148,2
6149,2
6150,0
6151,0
6152,1
6153,0
6154,1
6155,2
6156,1
6157,0
6158,2
6159,1
6160,2
6161,0
6162,2
6163,2
6164,2
6165,1
6166,0
6167,1
6168,1
6169,1
6170,0
6171,1
6172,0
6173,0
6174,1
6175,1
6176,1
6177,1
6178,0
6179,0
6180,2
6181,2
6182,1
6183,2
6184,2
6185,1
6186,0
6187,1
6188,2
6189,2
6190,2
6191,0
6192,0
6193,0
6194,2
6195,2
6196,1
6197,0
6198,2
6199,0
6200,0
6201,1
6202,2
6203,0
6204,1
6205,1
6206,0
6207,2
6208,2
6209,1
6210,0
6211,0
6212,2
6213,0
6214,1
6215,0
6216,0
6217,2
6218,0
6219,2
6220,1
6221,0
6222,0
6223,0
6224,1
6225,1
6226,2
6227,1
6228,2
6229,1
6230,0
6231,1
6232,0
6233,2
6234,0
6235,0
6236,2
6237,2
6238,1
6239,1
6240,2
6241,1
6242,1
6243,0
6244,1
6245,0
6246,2
6247,2
6248,0
6249,0
6250,2
6251,1
6252,1
6253,2
6254,0
6255,2
6256,2
6257,1
6258,0
6259,0
6260,1
6261,2
6262,1
6263,0
6264,2
6265,1
6266,0
6267,2
6268,2
6269,2
6270,1
6271,2
6272,0
6273,1
6274,0
6275,1
6276,1
6277,0
6278,0
6279,0
6280,1
6281,1
6282,0
6283,2
6284,1
6285,1
6286,2
6287,0
6288,0
6289,2
6290,2
6291,2
6292,1
6293,2
6294,1
6295,1
6296,0
6297,0
6298,0
6299,1
6300,2
6301,1
6302,2
6303,1
6304,2
6305,2
6306,2
6307,1
6308,1
6309,0
6310,2
6311,2
6312,0
6313,0
6314,0
6315,0
6316,1
6317,1
6318,1
6319,0
6320,2
6321,0
6322,1
6323,0
6324,1
6325,1
6326,2
6327,2
6328,0
6329,0
6330,1
6331,0
6332,0
6333,2
6334,0
6335,2
6336,2
6337,2
6338,0
6339,0
6340,1
6341,1
6342,1
6343,0
6344,1
6345,1
6346,2
6347,2
6348,0
6349,1
6350,1
6351,2
6352,2
6353,1
6354,1
6355,2
6356,2
6357,2
6358,2
6359,1
6360,1
6361,0
6362,2
6363,0
6364,0
6365,0
6366,0
6367,0
6368,0
6369,0
6370,2
6371,1
6372,2
6373,2
6374,1
6375,0
6376,1
6377,2
6378,2
6379,1
6380,1
6381,2
6382,0
6383,2
6384,2
6385,1
6386,1
6387,0
6388,0
6389,0
6390,0
6391,2
6392,0
6393,0
6394,0
6395,0
6396,1
6397,2
6398,1
6399,2
6400,1
6401,2
6402,2
6403,2
6404,0
6405,2
6406,1
6407,2
6408,1
6409,1
6410,1
6411,0
6412,1
6413,2
6414,2
6415,1
6416,0
6417,2
6418,1
6419,0
6420,1
6421,0
6422,2
6423,0
6424,2
6425,0
6426,2
6427,2
6428,2
6429,1
6430,1
6431,2
6432,1
6433,1
6434,1
6435,0
6436,1
6437,1
6438,0
6439,0
6440,0
6441,0
6442,2
6443,2
6444,0
6445,1
6446,0
6447,0
6448,2
6449,2
6450,1
6451,1
6452,1
6453,2
6454,1
6455,2
6456,2
6457,2
6458,0
6459,2
6460,2
6461,0
6462,2
6463,2
6464,0
6465,1
6466,0
6467,2
6468,0
6469,2
6470,2
6471,0
6472,2
6473,0
6474,2
6475,0
6476,2
6477,2
6478,0
6479,1
6480,2
6481,2
6482,1
6483,1
6484,2
6485,1
6486,1
6487,1
6488,2
6489,0
6490,0
6491,2
6492,2
6493,2
6494,0
6495,0
6496,0
6497,2
6498,2
6499,1
6500,2
6501,1
6502,2
6503,0
6504,1
6505,0
6506,2
6507,2
6508,0
6509,0
6510,0
6511,0
6512,0
6513,1
6514,2
6515,0
6516,1
6517,1
6518,0
6519,2
6520,0
6521,2
6522,0
6523,1
6524,1
6525,0
6526,1
6527,1
6528,0
6529,1
6530,1
6531,1
6532,1
6533,0
6534,0
6535,0
6536,2
6537,1
6538,2
6539,1
6540,2
6541,1
6542,1
6543,0
6544,0
6545,1
6546,0
6547,2
6548,2
6549,1
6550,2
6551,2
6552,0
6553,2
6554,1
6555,1
6556,2
6557,1
6558,0
6559,0
6560,0
6561,2
6562,0
6563,2
6564,1
6565,0
6566,2
6567,0
6568,1
6569,0
6570,1
6571,2
6572,1
6573,0
6574,1
6575,1
6576,2
6577,2
6578,0
6579,1
6580,1
6581,0
6582,0
6583,0
6584,0
6585,1
6586,1
6587,1
6588,0
6589,2
6590,0
6591,1
6592,0
6593,1
6594,2
6595,1
6596,2
6597,0
6598,0
6599,0
6600,0
6601,1
6602,1
6603,1
6604,1
6605,2
6606,2
6607,2
6608,1
6609,0
6610,2
6611,1
6612,1
6613,2
6614,2
6615,0
6616,2
6617,1
6618,2
6619,1
6620,2
6621,0
6622,0
6623,2
6624,0
6625,1
6626,1
6627,2
6628,2
6629,0
6630,0
6631,2
6632,1
6633,0
6634,1
6635,1
6636,2
6637,0
6638,2
6639,2
6640,1
6641,1
6642,0
6643,0
6644,0
6645,0
6646,0
6647,1
6648,0
6649,2
6650,0
6651,2
6652,0
6653,2
6654,1
6655,2
6656,1
6657,0
6658,2
6659,2
6660,2
6661,1
6662,2
6663,1
6664,2
6665,2
6666,0
6667,2
6668,0
6669,2
6670,1
6671,2
6672,0
6673,1
6674,2
6675,2
6676,1
6677,2
6678,0
6679,0
6680,0
6681,1
6682,1
6683,1
6684,2
6685,1
6686,2
6687,1
6688,0
6689,1
6690,1
6691,2
6692,0
6693,2
6694,2
6695,1
6696,1
6697,2
6698,1
6699,1
6700,0
6701,2
6702,1
6703,1
6704,0
6705,1
6706,1
6707,1
6708,0
6709,2
6710,1
6711,1
6712,0
6713,1
6714,1
6715,2
6716,2
6717,0
6718,2
6719,2
6720,0
6721,1
6722,2
6723,0
6724,2
6725,0
6726,2
6727,0
6728,2
6729,0
6730,1
6731,1
6732,2
6733,0
6734,1
6735,2
6736,2
6737,2
6738,1
6739,0
6740,2
6741,1
6742,1
6743,2
6744,1
6745,2
6746,1
6747,0
6748,1
6749,0
6750,0
6751,2
6752,1
6753,2
6754,2
6755,0
6756,0
6757,1
6758,0
6759,2
6760,0
6761,2
6762,0
6763,0
6764,1
6765,0
6766,2
6767,1
6768,2
6769,2
6770,0
6771,0
6772,0
6773,0
6774,0
6775,2
6776,2
6777,1
6778,0
6779,2
6780,1
6781,1
6782,1
6783,2
6784,0
6785,2
6786,0
6787,0
6788,1
6789,2
6790,0
6791,0
6792,0
6793,1
6794,2
6795,1
6796,2
6797,0
6798,2
6799,2
6800,1
6801,0
6802,1
6803,0
6804,1
6805,1
6806,2
6807,2
6808,0
6809,1
6810,2
6811,2
6812,1
6813,0
6814,0
6815,1
6816,2
6817,1
6818,1
6819,2
6820,1
6821,2
6822,0
6823,0
6824,0
6825,1
6826,1
6827,1
6828,0
6829,0
6830,2
6831,1
6832,1
6833,2
6834,1
6835,1
6836,2
6837,1
6838,1
6839,2
6840,1
6841,2
6842,1
6843,1
6844,1
6845,1
6846,1
6847,1
6848,0
6849,0
6850,0
6851,0
6852,1
6853,2
6854,0
6855,0
6856,0
6857,1
6858,1
6859,2
6860,2
6861,1
6862,0
6863,0
6864,0
6865,1
6866,0
6867,2
6868,1
6869,2
6870,0
6871,2
6872,1
6873,1
6874,1
6875,0
6876,2
6877,1
6878,1
6879,0
6880,2
6881,2
6882,2
6883,2
6884,1
6885,2
6886,2
6887,1
6888,2
6889,0
6890,0
6891,2
6892,1
6893,0
6894,1
6895,0
6896,1
6897,0
6898,2
6899,2
6900,0
6901,0
6902,1
6903,0
6904,0
6905,0
6906,1
6907,0
6908,2
6909,1
6910,2
6911,2
6912,2
6913,0
6914,1
6915,1
6916,1
6917,1
6918,2
6919,0
6920,2
6921,2
6922,2
6923,0
6924,1
6925,1
6926,1
6927,2
6928,2
6929,2
6930,1
6931,2
6932,0
6933,0
6934,0
6935,1
6936,0
6937,2
6938,0
6939,2
6940,0
6941,2
6942,1
6943,2
6944,2
6945,1
6946,0
6947,1
6948,1
6949,2
6950,2
6951,1
6952,2
6953,1
6954,1
6955,2
6956,1
6957,0
6958,2
6959,1
6960,0
6961,1
6962,1
6963,1
6964,2
6965,0
6966,2
6967,0
6968,0
6969,0
6970,2
6971,1
6972,1
6973,0
6974,0
6975,1
6976,2
6977,0
6978,0
6979,2
6980,0
6981,1
6982,0
6983,1
6984,0
6985,0
6986,1
6987,2
6988,2
6989,2
6990,0
6991,0
6992,2
6993,2
6994,1
6995,0
6996,2
6997,0
6998,0
6999,0
7000,1
7001,1
7002,1
7003,1
7004,2
7005,2
7006,2
7007,2
7008,0
7009,1
7010,0
7011,0
7012,2
7013,2
7014,1
7015,1
7016,0
7017,0
7018,0
7019,2
7020,0
7021,1
7022,1
7023,1
7024,0
7025,0
7026,2
7027,1
7028,0
7029,1
7030,1
7031,1
7032,1
7033,0
7034,2
7035,0
7036,2
7037,0
7038,0
7039,0
7040,2
7041,2
7042,2
7043,2
7044,1
7045,0
7046,1
7047,2
7048,2
7049,2
7050,0
7051,1
7052,0
7053,2
7054,0
7055,2
7056,2
7057,2
7058,1
7059,1
7060,0
7061,2
7062,0
7063,1
7064,1
7065,0
7066,0
7067,2
7068,2
7069,2
7070,1
7071,2
7072,2
7073,0
7074,0
7075,2
7076,1
7077,0
7078,0
7079,2
7080,0
7081,0
7082,0
7083,2
7084,1
7085,1
7086,0
7087,2
7088,2
7089,2
7090,2
7091,0
7092,2
7093,2
7094,1
7095,1
7096,2
7097,1
7098,2
7099,0
7100,2
7101,1
7102,0
7103,0
7104,1
7105,1
7106,1
7107,2
7108,1
7109,0
7110,1
7111,1
7112,2
7113,0
7114,1
7115,1
7116,2
7117,2
7118,1
7119,0
7120,0
7121,0
7122,0
7123,1
7124,2
7125,2
7126,0
7127,1
7128,0
7129,2
7130,1
7131,2
7132,0
7133,1
7134,1
7135,2
7136,2
7137,1
7138,0
7139,0
7140,2
7141,1
7142,2
7143,1
7144,1
7145,2
7146,1
7147,0
7148,1
7149,0
7150,1
7151,0
7152,0
7153,0
7154,1
7155,1
7156,0
7157,2
7158,1
7159,2
7160,2
7161,0
7162,0
7163,1
7164,2
7165,1
7166,0
7167,1
7168,1
7169,0
7170,1
7171,0
7172,0
7173,2
7174,1
7175,1
7176,2
7177,1
7178,1
7179,0
7180,2
7181,1
7182,0
7183,0
7184,2
7185,2
7186,2
7187,1
7188,2
7189,0
7190,0
7191,0
7192,1
7193,0
7194,2
7195,0
7196,1
7197,2
7198,2
7199,2
7200,1
7201,2
7202,0
7203,1
7204,0
7205,2
7206,2
7207,0
7208,1
7209,2
7210,1
7211,0
7212,2
7213,0
7214,1
7215,2
7216,0
7217,0
7218,1
7219,0
7220,1
7221,1
7222,0
7223,2
7224,0
7225,0
7226,1
7227,1
7228,1
7229,0
7230,1
7231,1
7232,0
7233,1
7234,1
7235,1
7236,0
7237,0
7238,0
7239,0
7240,0
7241,0
7242,0
7243,0
7244,2
7245,0
7246,0
7247,2
7248,1
7249,1
7250,1
7251,0
7252,2
7253,0
7254,2
7255,2
7256,1
7257,1
7258,2
7259,2
7260,1
7261,0
7262,0
7263,2
7264,2
7265,0
7266,0
7267,1
7268,0
7269,1
7270,0
7271,1
7272,2
7273,1
7274,1
7275,2
7276,1
7277,2
7278,1
7279,2
7280,0
7281,0
7282,0
7283,1
7284,1
7285,2
7286,2
7287,2
7288,2
7289,2
7290,1
7291,2
7292,2
7293,1
7294,0
7295,1
7296,0
7297,2
7298,1
7299,2
7300,1
7301,1
7302,0
7303,2
7304,1
7305,2
7306,0
7307,1
7308,1
7309,1
7310,0
7311,1
7312,1
7313,1
7314,1
7315,0
7316,1
7317,2
7318,0
7319,2
7320,1
7321,2
7322,0
7323,1
7324,2
7325,0
7326,0
7327,2
7328,0
7329,0
7330,0
7331,2
7332,1
7333,1
7334,1
7335,1
7336,2
7337,2
7338,2
7339,0
7340,0
7341,2
7342,2
7343,0
7344,1
7345,0
7346,1
7347,0
7348,1
7349,2
7350,0
7351,1
7352,0
7353,2
7354,1
7355,0
7356,0
7357,2
7358,2
7359,1
7360,2
7361,1
7362,1
7363,0
7364,0
7365,1
7366,0
7367,2
7368,2
7369,0
7370,0
7371,2
7372,2
7373,0
7374,1
7375,0
7376,1
7377,0
7378,2
7379,1
7380,0
7381,0
7382,2
7383,2
7384,2
7385,1
7386,0
7387,2
7388,2
7389,0
7390,1
7391,0
7392,0
7393,0
7394,2
7395,1
7396,2
7397,0
7398,1
7399,0
7400,2
7401,2
7402,0
7403,0
7404,0
7405,1
7406,1
7407,2
7408,0
7409,0
7410,0
7411,2
7412,0
7413,0
7414,0
7415,0
7416,1
7417,1
7418,1
7419,2
7420,1
7421,2
7422,2
7423,2
7424,2
7425,0
7426,0
7427,0
7428,0
7429,0
7430,0
7431,1
7432,2
7433,2
7434,1
7435,0
7436,2
7437,1
7438,2
7439,1
7440,1
7441,2
7442,1
7443,2
7444,1
7445,0
7446,2
7447,2
7448,1
7449,2
7450,1
7451,1
7452,0
7453,0
7454,1
7455,0
7456,2
7457,0
7458,1
7459,2
7460,2
7461,2
7462,0
7463,0
7464,1
7465,0
7466,1
7467,0
7468,0
7469,2
7470,1
7471,1
7472,2
7473,0
7474,0
7475,1
7476,1
7477,1
7478,2
7479,1
7480,0
7481,1
7482,0
7483,1
7484,2
7485,1
7486,1
7487,2
7488,2
7489,2
7490,2
7491,1
7492,0
7493,0
7494,2
7495,2
7496,1
7497,0
7498,2
7499,2
7500,1
7501,0
7502,0
7503,2
7504,2
7505,2
7506,1
7507,2
7508,0
7509,1
7510,2
7511,1
7512,1
7513,1
7514,1
7515,1
7516,1
7517,0
7518,0
7519,1
7520,1
7521,2
7522,0
7523,1
7524,2
7525,2
7526,1
7527,1
7528,0
7529,0
7530,2
7531,2
7532,1
7533,1
7534,2
7535,1
7536,0
7537,1
7538,1
7539,0
7540,1
7541,1
7542,0
7543,0
7544,0
7545,2
7546,0
7547,1
7548,2
7549,2
7550,2
7551,0
7552,1
7553,0
7554,0
7555,0
7556,2
7557,0
7558,1
7559,0
7560,1
7561,2
7562,1
7563,2
7564,0
7565,2
7566,1
7567,2
7568,0
7569,2
7570,1
7571,0
7572,2
7573,0
7574,0
7575,1
7576,0
7577,1
7578,2
7579,2
7580,1
7581,0
7582,0
7583,2
7584,0
7585,2
7586,0
7587,2
7588,0
7589,1
7590,0
7591,2
7592,1
7593,1
7594,0
7595,2
7596,0
7597,0
7598,0
7599,2
7600,1
7601,2
7602,0
7603,2
7604,0
7605,0
7606,2
7607,0
7608,2
7609,2
7610,0
7611,1
7612,0
7613,1
7614,2
7615,1
7616,2
7617,1
7618,1
7619,1
7620,2
7621,0
7622,0
7623,1
7624,1
7625,2
7626,1
7627,1
7628,2
7629,2
7630,0
7631,2
7632,0
7633,2
7634,0
7635,0
7636,0
7637,2
7638,2
7639,2
7640,0
7641,2
7642,0
7643,0
7644,0
7645,2
7646,1
7647,1
7648,0
7649,1
7650,0
7651,0
7652,1
7653,1
7654,2
7655,0
7656,1
7657,1
7658,1
7659,2
7660,2
7661,2
7662,2
7663,2
7664,0
7665,0
7666,0
7667,2
7668,0
7669,0
7670,1
7671,0
7672,2
7673,2
7674,0
7675,1
7676,1
7677,0
7678,0
7679,2
7680,0
7681,2
7682,1
7683,0
7684,0
7685,1
7686,2
7687,1
7688,0
7689,1
7690,1
7691,0
7692,1
7693,2
7694,1
7695,2
7696,1
7697,2
7698,2
7699,2
7700,0
7701,0
7702,1
7703,0
7704,0
7705,0
7706,1
7707,1
7708,0
7709,0
7710,1
7711,1
7712,1
7713,1
7714,0
7715,0
7716,0
7717,1
7718,0
7719,1
7720,1
7721,2
7722,1
7723,2
7724,2
7725,0
7726,1
7727,1
7728,1
7729,1
7730,2
7731,2
7732,0
7733,1
7734,1
7735,0
7736,2
7737,2
7738,0
7739,0
7740,0
7741,0
7742,1
7743,1
7744,2
7745,2
7746,2
7747,1
7748,1
7749,2
7750,0
7751,1
7752,1
7753,1
7754,2
7755,1
7756,2
7757,1
7758,2
7759,2
7760,1
7761,0
7762,2
7763,1
7764,2
7765,1
7766,2
7767,2
7768,2
7769,0
7770,0
7771,0
7772,1
7773,1
7774,1
7775,2
7776,2
7777,1
7778,0
7779,0
7780,1
7781,1
7782,1
7783,0
7784,2
7785,2
7786,0
7787,1
7788,0
7789,2
7790,2
7791,1
7792,1
7793,2
7794,2
7795,2
7796,2
7797,1
7798,0
7799,1
7800,1
7801,1
7802,0
7803,1
7804,1
7805,2
7806,1
7807,1
7808,1
7809,0
7810,2
7811,0
7812,2
7813,1
7814,0
7815,0
7816,0
7817,0
7818,1
7819,0
7820,0
7821,1
7822,0
7823,2
7824,2
7825,2
7826,0
7827,2
7828,0
7829,1
7830,2
7831,2
7832,0
7833,1
7834,1
7835,0
7836,2
7837,0
7838,2
7839,2
7840,2
7841,1
7842,1
7843,2
7844,2
7845,0
7846,0
7847,2
7848,0
7849,0
7850,0
7851,1
7852,1
7853,0
7854,1
7855,1
7856,1
7857,0
7858,2
7859,1
7860,0
7861,0
7862,0
7863,1
7864,2
7865,1
7866,2
7867,2
7868,2
7869,2
7870,1
7871,0
7872,2
7873,1
7874,2
7875,1
7876,1
7877,2
7878,1
7879,2
7880,1
7881,1
7882,2
7883,1
7884,1
7885,1
7886,1
7887,1
7888,1
7889,0
7890,0
7891,0
7892,2
7893,0
7894,2
7895,0
7896,2
7897,0
7898,1
7899,1
7900,0
7901,2
7902,1
7903,1
7904,2
7905,0
7906,2
7907,2
7908,2
7909,0
7910,0
7911,1
7912,2
7913,0
7914,2
7915,0
7916,1
7917,2
7918,1
7919,2
7920,2
7921,2
7922,2
7923,0
7924,0
7925,1
7926,2
7927,0
7928,0
7929,2
7930,0
7931,1
7932,2
7933,1
7934,0
7935,1
7936,0
7937,0
7938,2
7939,1
7940,0
7941,0
7942,2
7943,0
7944,1
7945,1
7946,0
7947,1
7948,2
7949,1
7950,1
7951,1
7952,0
7953,0
7954,0
7955,1
7956,0
7957,0
7958,2
7959,0
7960,0
7961,1
7962,0
7963,2
7964,2
7965,2
7966,1
7967,0
7968,1
7969,1
7970,0
7971,0
7972,2
7973,0
7974,2
7975,1
7976,0
7977,2
7978,2
7979,2
7980,2
7981,1
7982,1
7983,1
7984,2
7985,2
7986,0
7987,2
7988,1
7989,1
7990,2
7991,2
7992,0
7993,1
7994,1
7995,2
7996,2
7997,1
7998,2
7999,2
8000,1
8001,0
8002,2
8003,1
8004,0
8005,1
8006,1
8007,2
8008,1
8009,0
8010,0
8011,2
8012,2
8013,2
8014,0
8015,2
8016,1
8017,1
8018,2
8019,0
8020,0
8021,2
8022,0
8023,2
8024,0
8025,1
8026,1
8027,1
8028,2
8029,2
8030,1
8031,1
8032,0
8033,0
8034,1
8035,2
8036,2
8037,2
8038,1
8039,0
8040,0
8041,1
8042,1
8043,0
8044,0
8045,2
8046,0
8047,2
8048,1
8049,2
8050,0
8051,0
8052,0
8053,2
8054,1
8055,0
8056,2
8057,1
8058,2
8059,0
8060,1
8061,0
8062,1
8063,2
8064,1
8065,0
8066,0
8067,0
8068,2
8069,0
8070,2
8071,2
8072,2
8073,0
8074,0
8075,1
8076,1
8077,1
8078,2
8079,1
8080,2
8081,1
8082,0
8083,0
8084,1
8085,2
8086,2
8087,2
8088,0
8089,1
8090,2
8091,0
8092,1
8093,0
8094,2
8095,2
8096,1
8097,1
8098,2
8099,2
8100,1
8101,0
8102,1
8103,2
8104,1
8105,0
8106,2
8107,0
8108,2
8109,2
8110,2
8111,0
8112,1
8113,2
8114,0
8115,0
8116,0
8117,0
8118,1
8119,1
8120,1
8121,1
8122,0
8123,2
8124,0
8125,2
8126,2
8127,2
8128,0
8129,2
8130,2
8131,2
8132,2
8133,1
8134,1
8135,0
8136,2
8137,1
8138,1
8139,0
8140,0
8141,1
8142,1
8143,0
8144,1
8145,1
8146,0
8147,2
8148,0
8149,2
8150,0
8151,1
8152,1
8153,1
8154,0
8155,2
8156,2
8157,0
8158,0
8159,2
8160,1
8161,0
8162,0
8163,0
8164,0
8165,0
8166,0
8167,1
8168,1
8169,1
8170,1
8171,1
8172,2
8173,2
8174,2
8175,2
8176,1
8177,1
8178,2
8179,2
8180,0
8181,2
8182,0
8183,0
8184,2
8185,2
8186,0
8187,1
8188,0
8189,1
8190,2
8191,1
8192,0
8193,2
8194,1
8195,2
8196,1
8197,0
8198,0
8199,0
8200,2
8201,1
8202,2
8203,2
8204,2
8205,2
8206,2
8207,2
8208,1
8209,2
8210,0
8211,0
8212,0
8213,2
8214,0
8215,1
8216,2
8217,2
8218,0
8219,2
8220,2
8221,0
8222,1
8223,0
8224,2
8225,1
8226,1
8227,0
8228,0
8229,1
8230,1
8231,0
8232,1
8233,1
8234,0
8235,1
8236,0
8237,2
8238,1
8239,2
8240,0
8241,1
8242,1
8243,2
8244,0
8245,0
8246,0
8247,2
8248,2
8249,1
8250,2
8251,0
8252,0
8253,2
8254,0
8255,2
8256,1
8257,1
8258,1
8259,0
8260,2
8261,2
8262,0
8263,0
8264,2
8265,2
8266,0
8267,2
8268,2
8269,1
8270,0
8271,1
8272,1
8273,0
8274,1
8275,2
8276,2
8277,0
8278,1
8279,2
8280,2
8281,1
8282,2
8283,2
8284,2
8285,0
8286,0
8287,1
8288,0
8289,2
8290,0
8291,2
8292,2
8293,1
8294,2
8295,2
8296,0
8297,0
8298,1
8299,1
8300,2
8301,0
8302,1
8303,1
8304,0
8305,0
8306,0
8307,0
8308,2
8309,2
8310,1
8311,2
8312,2
8313,2
8314,0
8315,1
8316,0
8317,1
8318,1
8319,1
8320,0
8321,0
8322,2
8323,0
8324,0
8325,1
8326,0
8327,0
8328,2
8329,2
8330,0
8331,0
8332,0
8333,0
8334,0
8335,1
8336,2
8337,1
8338,2
8339,2
8340,0
8341,1
8342,1
8343,2
8344,1
8345,0
8346,1
8347,2
8348,1
8349,2
8350,2
8351,1
8352,0
8353,0
8354,2
8355,1
8356,0
8357,2
8358,2
8359,0
8360,1
8361,2
8362,2
8363,2
8364,2
8365,1
8366,0
8367,0
8368,1
8369,1
8370,1
8371,2
8372,2
8373,0
8374,2
8375,2
8376,2
8377,0
8378,0
8379,2
8380,0
8381,0
8382,1
8383,1
8384,2
8385,0
8386,2
8387,0
8388,1
8389,0
8390,0
8391,0
8392,1
8393,2
8394,1
8395,0
8396,1
8397,2
8398,0
8399,1
8400,1
8401,0
8402,2
8403,1
8404,1
8405,0
8406,1
8407,0
8408,2
8409,0
8410,2
8411,0
8412,2
8413,0
8414,0
8415,2
8416,1
8417,2
8418,2
8419,1
8420,0
8421,0
8422,2
8423,1
8424,0
8425,0
8426,0
8427,2
8428,0
8429,1
8430,2
8431,1
8432,1
8433,0
8434,0
8435,1
8436,2
8437,0
8438,2
8439,0
8440,1
8441,2
8442,1
8443,0
8444,2
8445,0
8446,2
8447,1
8448,0
8449,2
8450,2
8451,0
8452,2
8453,2
8454,0
8455,1
8456,1
8457,0
8458,0
8459,0
8460,0
8461,0
8462,2
8463,0
8464,2
8465,1
8466,1
8467,0
8468,2
8469,1
8470,2
8471,0
8472,2
8473,0
8474,1
8475,1
8476,0
8477,2
8478,2
8479,0
8480,1
8481,0
8482,1
8483,1
8484,1
8485,1
8486,0
8487,1
8488,1
8489,2
8490,1
8491,1
8492,0
8493,1
8494,2
8495,1
8496,1
8497,0
8498,1
8499,2
8500,1
8501,1
8502,2
8503,1
8504,1
8505,0
8506,2
8507,0
8508,1
8509,2
8510,1
8511,0
8512,0
8513,1
8514,0
8515,2
8516,2
8517,2
8518,0
8519,2
8520,0
8521,0
8522,2
8523,0
8524,0
8525,2
8526,0
8527,2
8528,1
8529,0
8530,2
8531,1
8532,0
8533,1
8534,2
8535,0
8536,0
8537,0
8538,0
8539,1
8540,1
8541,0
8542,0
8543,2
8544,2
8545,0
8546,1
8547,2
8548,2
8549,1
8550,0
8551,1
8552,0
8553,2
8554,1
8555,2
8556,1
8557,2
8558,2
8559,2
8560,2
8561,0
8562,1
8563,1
8564,0
8565,0
8566,2
8567,0
8568,2
8569,0
8570,1
8571,0
8572,0
8573,2
8574,2
8575,0
8576,1
8577,1
8578,1
8579,1
8580,0
8581,1
8582,0
8583,2
8584,1
8585,2
8586,0
8587,2
8588,1
8589,0
8590,1
8591,1
8592,0
8593,0
8594,0
8595,2
8596,0
8597,2
8598,1
8599,0
8600,0
8601,1
8602,2
8603,2
8604,0
8605,2
8606,1
8607,1
8608,2
8609,1
8610,1
8611,0
8612,1
8613,1
8614,0
8615,2
8616,0
8617,2
8618,1
8619,2
8620,2
8621,2
8622,0
8623,1
8624,0
8625,2
8626,0
8627,1
8628,0
8629,1
8630,0
8631,0
8632,0
8633,2
8634,2
8635,2
8636,2
8637,1
8638,0
8639,0
8640,2
8641,2
8642,2
8643,2
8644,0
8645,1
8646,0
8647,0
8648,1
8649,0
8650,1
8651,1
8652,1
8653,0
8654,0
8655,2
8656,1
8657,1
8658,1
8659,0
8660,2
8661,0
8662,0
8663,1
8664,0
8665,2
8666,1
8667,0
8668,2
8669,1
8670,2
8671,0
8672,2
8673,0
8674,1
8675,2
8676,1
8677,0
8678,1
8679,2
8680,2
8681,2
8682,0
8683,0
8684,0
8685,1
8686,0
8687,1
8688,2
8689,1
8690,1
8691,1
8692,2
8693,2
8694,0
8695,0
8696,1
8697,1
8698,1
8699,0
8700,0
8701,2
8702,0
8703,1
8704,0
8705,0
8706,0
8707,1
8708,1
8709,0
8710,0
8711,0
8712,0
8713,1
8714,2
8715,1
8716,0
8717,1
8718,1
8719,1
8720,1
8721,1
8722,1
8723,2
8724,1
8725,1
8726,0
8727,0
8728,0
8729,0
8730,1
8731,0
8732,1
8733,2
8734,1
8735,1
8736,0
8737,1
8738,0
8739,2
8740,0
8741,0
8742,0
8743,2
8744,2
8745,0
8746,1
8747,1
8748,2
8749,1
8750,0
8751,0
8752,0
8753,0
8754,1
8755,1
8756,2
8757,2
8758,2
8759,1
8760,0
8761,0
8762,2
8763,1
8764,1
8765,1
8766,2
8767,0
8768,0
8769,0
8770,1
8771,0
8772,0
8773,2
8774,1
8775,0
8776,1
8777,2
8778,0
8779,2
8780,2
8781,0
8782,2
8783,2
8784,0
8785,1
8786,0
8787,2
8788,1
8789,0
8790,0
8791,0
8792,1
8793,2
8794,2
8795,1
8796,1
8797,1
8798,1
8799,0
8800,0
8801,2
8802,0
8803,1
8804,0
8805,0
8806,0
8807,0
8808,1
8809,2
8810,0
8811,2
8812,1
8813,1
8814,2
8815,1
8816,2
8817,2
8818,2
8819,2
8820,2
8821,1
8822,1
8823,1
8824,0
8825,0
8826,2
8827,0
8828,0
8829,2
8830,1
8831,1
8832,0
8833,2
8834,1
8835,0
8836,2
8837,2
8838,1
8839,2
8840,1
8841,0
8842,1
8843,0
8844,2
8845,0
8846,2
8847,1
8848,1
8849,2
8850,0
8851,1
8852,2
8853,1
8854,1
8855,1
8856,0
8857,0
8858,1
8859,2
8860,2
8861,0
8862,1
8863,0
8864,0
8865,2
8866,0
8867,2
8868,2
8869,2
8870,1
8871,0
8872,0
8873,0
8874,2
8875,1
8876,0
8877,2
8878,2
8879,1
